nome	lat	lon	pop	X	UF
Cruzeiro do Sul	-7.633333	-72.6	45517	3.06	AC
Tarauacá	-8.166667	-70.766667	16526	2.35	AC
Mâncio Lima	-7.616667	-72.9	7086	1.42	AC
Xapuri	-10.65	-68.516667	5721	1.51	AC
Senador Guiomard	-10.166667	-67.833333	11727	1.36	AC
Feijó	-8.15	-70.35	12951	1.69	AC
Rio Branco	-9.966667	-67.8	257645	3.32	AC
Brasiléia	-11	-68.733333	11200	2.12	AC
Manoel Urbano	-8.883333	-69.3	4066	1.63	AC
Plácido de Castro	-10.333333	-67.183333	11950	1.9	AC
Pôrto Walter	-8.261111	-72.738889	1816	1.45	AC
Sena Madureira	-9.066667	-68.666667	20516	2.26	AC
Ibateguara	-8.983333	-35.866667	8755	1.22	AL
Cacimbinhas	-9.4	-37	4618	1	AL
Viçosa	-9.4	-36.233333	19574	1.64	AL
Pôrto Calvo	-9.066667	-35.4	17347	1.3	AL
Joaquim Gomes	-9.2	-35.716667	14808	1.42	AL
Anadia	-9.7	-36.3	9574	1.08	AL
União dos Palmares	-9.166667	-36.033333	41179	1.88	AL
Atalaia	-9.516667	-36.033333	18908	1.28	AL
Campo Alegre	-9.8	-36.35	16786	1.48	AL
Capela	-9.416667	-36.066667	12520	1.11	AL
São Sebastião	-9.933333	-36.566667	9551	1.32	AL
Piranhas	-9.45	-37.766667	1170	0.9	AL
Murici	-9.316667	-35.933333	20420	1.43	AL
Santana do Ipanema	-9.366667	-37.233333	26147	1.98	AL
Limoeiro de Anadia	-9.733333	-36.516667	2770	0.67	AL
Messias	-9.416667	-35.833333	12376	0.94	AL
Olivença	-9.516667	-37.183333	2848	0.98	AL
Batalha	-9.683333	-37.133333	11820	1.46	AL
Igaci	-9.55	-36.633333	6480	1.24	AL
Maribondo	-9.583333	-36.233333	10475	0.55	AL
Coité do Nóia	-9.666667	-36.5	2529	0.46	AL
Santana do Mundaú	-9.15	-36.183333	6439	1.12	AL
Cajueiro	-9.716667	-36.45	15063	1.23	AL
São José da Tapera	-9.633333	-37.383333	12392	1.55	AL
Maceió	-9.666667	-35.716667	955010	3.25	AL
Mata Grande	-9.111667	-37.7	4654	1	AL
Junqueiro	-9.933333	-36.483333	7740	0.92	AL
Lagoa da Canoa	-9.816667	-36.766667	13428	1.22	AL
Girau do Ponciano	-9.916667	-36.833333	9606	1.11	AL
São José da Laje	-9	-36.033333	12811	1.3	AL
Rio Largo	-9.483333	-35.85	63389	1.77	AL
Campo Grande	-10.233333	-36.5	3054	0.84	AL
Água Branca	-9.283333	-37.916667	5161	0.99	AL
Marechal Deodoro	-9.716667	-35.9	50579	1.64	AL
Satuba	-9.566667	-35.816667	15898	1.1	AL
Inhapi	-9.233333	-37.75	7550	1.4	AL
Quebrângulo	-9.333333	-36.483333	6587	1.34	AL
Passo de Camaragibe	-9.25	-35.433333	5523	1.03	AL
Traipu	-9.966667	-36.983333	8427	1.19	AL
Arapiraca	-9.75	-36.65	166566	2.58	AL
Jundiá	-8.933333	-35.566667	2267	0.71	AL
Major Isidoro	-9.533333	-37	8507	1.29	AL
Pão de Açúcar	-9.75	-37.433333	11497	1.17	AL
Flexeiras	-9.266667	-35.716667	7783	0.85	AL
Pôrto Real do Colégio	-10.183333	-36.816667	6001	0.67	AL
Poço das Trincheiras	-9.3	-37.266667	1775	0.62	AL
Piaçabuçu	-10.4	-36.416667	9862	1.31	AL
São Miguel dos Campos	-9.783333	-36.083333	40891	1.61	AL
Feira Grande	-9.85	-36.7	3985	0.76	AL
Minador do Negrão	-9.333333	-36.866667	1986	0.89	AL
Dois Riachos	-9.383333	-37.083333	4565	0.83	AL
Pilar	-9.6	-35.933333	30617	1.35	AL
Delmiro Gouveia	-9.383333	-37.983333	35260	1.69	AL
Bôca da Mata	-9.6	-36.25	17834	1.45	AL
Canapi	-9.133333	-37.5	4219	1.15	AL
Novo Lino	-9.016667	-35.616667	5538	0.82	AL
Penedo	-10.283333	-36.6	42099	2.05	AL
Matriz de Camaragibe	-9.15	-35.516667	18705	1.42	AL
São Luís do Quitunde	-9.333333	-35.55	20564	1.69	AL
Maragogi	-9.016667	-35.216667	16066	1.4	AL
Presidente Dutra	-5.25	-44.5	30330	2.09	MA
Coruripe	-10.133333	-36.166667	31428	1.81	AL
Taquarana	-9.633333	-36.483333	5288	0.88	AL
Colônia Leopoldina	-8.95	-35.65	11914	1.44	AL
Igreja Nova	-10.116667	-36.65	4606	1.11	AL
Amapá	2.05	-50.8	6256	2.21	AP
Mazagão	-0.116667	-51.283333	6500	1.37	AP
Macapá	0.033333	-51.05	338937	3.24	AP
Nova Olinda do Norte	-3.75	-59.05	12344	2.02	AM
Careiro	-3.2	-59.75	6659	1.39	AM
São Gabriel da Cachoeira	-0.133333	-67.083333	15232	2.51	AM
Tonantins	-2.783333	-67.783333	4561	1.38	AM
Santo Antônio do Içá	-3.083333	-67.95	9302	1.96	AM
Iranduba	-3.25	-60.1	11181	1.25	AM
Guajará	-2.966667	-57.666667	9776	1.46	AM
Canutama	-6.533333	-64.333333	6320	1.84	AM
Maraã	-1.833333	-65.366667	4387	1.81	AM
Japurá	-1.395833	-69.422222	1908	1.98	AM
Barcelos	-1	-62.966667	7356	2.4	AM
Anori	-3.783333	-61.633333	8064	1.62	AM
Bôca do Acre	-8.75	-67.383333	14427	2.19	AM
Careiro da Várzea	-3.2	-59.75	1092	0.01	AM
Urucurituba	-2.683333	-57.666667	10180	1.8	AM
Manaus	-3.113333	-60.025278	1598227	4.35	AM
Parintins	-2.6	-56.733333	64429	2.65	AM
Urucará	-2.536667	-57.758056	8603	1.23	AM
Carauari	-4.879167	-66.898056	18059	2.56	AM
Itacoatiara	-3.05	-58.433333	45995	2.54	AM
Alvarães	-3.2	-64.833333	5527	1.23	AM
Manaquiri	-3.316667	-60.35	9986	1.43	AM
Ipixuna	-7.051667	-71.693056	5814	1.92	AM
Lábrea	-7.266667	-64.783333	19624	2.39	AM
Humaitá	-7.516389	-63.022222	31207	2.43	AM
Jutaí	-5.183333	-68.9	5863	2.03	AM
Tefé	-3.366667	-64.7	44943	2.57	AM
São Paulo de Olivença	-3.45	-68.8	11763	2.18	AM
Santa Isabel do Rio Negro	-0.4	-65.033333	4142	1.98	AM
Manacapuru	-3.3	-60.616667	52460	2.16	AM
Barreirinha	-2.793611	-57.068889	11257	1.62	AM
Manicoré	-5.812222	-61.2975	14058	2.46	AM
Uarini	-2.916667	-65.133333	2796	1.36	AM
Pauini	-7.666667	-66.966667	7633	2.01	AM
Codajás	-3.833333	-62.083333	11185	2.07	AM
Coari	-4.109444	-63.138889	50491	2.78	AM
Maués	-3.4	-57.7	22476	2.09	AM
Tabatinga	-4.240833	-69.942222	28230	2.86	AM
Novo Aripuanã	-5.120278	-60.378889	11044	2.06	AM
Fonte Boa	-2.533333	-66.016667	16060	2.3	AM
Benjamin Constant	-4.374444	-70.029722	13998	1.3	AM
Envira	-7.3	-70.216667	9957	1.87	AM
Tapauá	-5.620278	-63.1875	13211	2.24	AM
Nhamundá	-2.233333	-56.716667	7772	1.39	AM
Autazes	-3.583333	-59.133333	9614	1.29	AM
Eirunepé	-6.666667	-69.866667	17175	2.5	AM
Borba	-4.388889	-59.593611	11918	1.97	AM
Mata de São João	-12.516667	-38.283333	26680	1.13	BA
Candeias	-12.666667	-38.55	75673	1.95	BA
Itupeva	-17.416667	-40.483333	25183	1.85	BA
Conceição da Feira	-12.5	-39	15838	1.16	BA
Salvador	-12.983333	-38.516667	2711903	4.26	BA
Ponto Novo	-10.866667	-40.133333	7141	1.35	BA
Pilão Arcado	-10.15	-42.433333	6715	1.7	BA
Amargosa	-13.033333	-39.6	22531	1.72	BA
Casa Nova	-9.416667	-41.133333	33319	2.07	BA
São Sebastião do Passé	-12.516667	-38.466667	31050	1.5	BA
Caculé	-14.5	-42.216667	12143	1.67	BA
Barra da Estiva	-13.633333	-41.316667	12618	1.77	BA
Ribeira do Pombal	-10.833333	-38.533333	28236	1.71	BA
Bom Jesus da Lapa	-13.25	-43.416667	40693	2.37	BA
Itapetinga	-15.25	-40.25	59723	2.25	BA
Caravelas	-17.75	-39.25	11322	1.3	BA
Ibirapitanga	-14.15	-39.366667	7302	1.15	BA
Canavieiras	-15.65	-38.95	26376	2.11	BA
Itacaré	-14.3	-39	12490	1.58	BA
Senhor do Bonfim	-10.45	-40.183333	48472	2.35	BA
Mascote	-15.55	-39.283333	18899	1.67	BA
Santana	-14.466667	-41.8	12629	1.52	BA
Prado	-17.35	-39.216667	15466	1.73	BA
Esplanada	-11.783333	-37.95	18859	1.46	BA
Taperoá	-13.516667	-39.1	8095	1.17	BA
Alagoinhas	-12.116667	-38.433333	122692	2.18	BA
Itabuna	-14.8	-39.266667	205666	2.86	BA
Tanhaçu	-14.016667	-41.283333	6620	1.51	BA
Barra	-11.083333	-43.166667	20895	1.87	BA
Conceição do Coité	-11.55	-39.266667	35172	1.74	BA
Vitória da Conquista	-14.85	-40.85	253144	3.18	BA
Itajuípe	-14.683333	-39.366667	15517	1.27	BA
Santa Cruz Cabrália	-16.283333	-39.033333	19549	1.37	BA
Mutuípe	-13.25	-39.516667	10016	1.39	BA
Jacobina	-11.183333	-40.516667	47639	2.25	BA
Lapão	-11.4	-41.833333	11253	1.09	BA
Capim Grosso	-11.366667	-40.016667	17322	1.85	BA
Itambé	-15.25	-40.616667	23559	1.76	BA
Campo Formoso	-10.516667	-40.333333	23921	1.42	BA
Inhambupe	-11.783333	-38.35	14735	1.58	BA
Gandu	-13.75	-39.5	21566	1.83	BA
Mucuri	-18.083333	-39.566667	26823	1.68	BA
Paripiranga	-10.683333	-37.866667	6965	0.85	BA
Piritiba	-11.733333	-40.566667	16230	1.51	BA
Baixa Grande	-11.95	-40.183333	7534	1.34	BA
Itarantim	-15.65	-40.05	12370	1.71	BA
Curaçá	-8.983333	-39.9	11858	1.33	BA
Ituberá	-13.733333	-39.15	19888	1.7	BA
Ituaçu	-13.816667	-41.3	4891	1.14	BA
Quijingue	-10.75	-39.2	4293	1.31	BA
Terra Nova	-12.366667	-40.666667	11169	1.4	BA
Pau Brasil	-15.45	-39.65	8136	1.55	BA
Canarana	-11.683333	-41.766667	10785	1.47	BA
Ibicuí	-14.85	-39.983333	10640	1.16	BA
Medeiros Neto	-17.333333	-40.233333	15255	1.53	BA
Conceição do Almeida	-12.8	-39.2	9691	1.13	BA
Pindobaçu	-10.733333	-40.35	17242	1.47	BA
Paulo Afonso	-9.35	-38.233333	85353	2.68	BA
Pôrto Seguro	-16.433333	-39.083333	123196	2.76	BA
Carinhanha	-14.3	-43.783333	11408	1.73	BA
Utinga	-10.983333	-42.95	11949	1.44	BA
Jitaúna	-14.016667	-39.95	11619	1.38	BA
Muritiba	-12.916667	-39.25	22388	0.96	BA
Boquira	-12.816667	-42.766667	6306	1.28	BA
Santo Amaro	-12.533333	-38.716667	46749	1.67	BA
Ibotirama	-12.183333	-43.216667	17354	2.16	BA
Nova Viçosa	-17.883333	-39.366667	56001	2.37	BA
Livramento	-13.65	-41.833333	19914	1.93	BA
Jaguarari	-10.266667	-40.2	22617	1.46	BA
Coração de Maria	-12.233333	-38.75	6571	1.24	BA
Ipirá	-12.166667	-39.733333	27218	1.99	BA
Ipiaú	-14.133333	-39.733333	38763	1.95	BA
Anagé	-14.6	-41.133333	3762	1.33	BA
Palmas de Monte Alto	-14.266667	-43.166667	7091	1.53	BA
Miguel Calmon	-11.433333	-40.6	13748	1.51	BA
Riacho de Santana	-13.616667	-42.95	12658	1.83	BA
Mairi	-11.716667	-40.133333	13475	1.64	BA
Sobradinho	-12.5	-39.116667	19304	1.25	BA
Remanso	-9.683333	-42.066667	22780	2.17	BA
Formosa do Rio Prêto	-11.046389	-45.059722	14365	2.12	BA
Tapiramutá	-11.85	-40.783333	16549	1.86	BA
Ibipeba	-11.633333	-42.033333	14444	1.66	BA
Monte Santo	-10.433333	-39.333333	7398	1.44	BA
Acajutiba	-11.666667	-38.016667	14349	1.23	BA
Una	-15.3	-39.066667	22650	1.75	BA
Correntina	-13.333333	-44.65	13187	1.73	BA
Castro Alves	-12.75	-39.433333	13869	1.48	BA
Itaparica	-12.9	-38.7	20101	1.47	BA
Poções	-14.516667	-40.35	35255	2.06	BA
Ilhéus	-14.816667	-39.033333	155503	1.97	BA
Guanambi	-14.216667	-42.783333	58879	2.69	BA
Jeremoabo	-10.066667	-38.35	16642	1.85	BA
Cansanção	-10.683333	-39.516667	9905	1.5	BA
Camamu	-13.95	-39.116667	13924	1.43	BA
Cachoeira	-12.6	-38.966667	16145	1.3	BA
Tucano	-10.966667	-38.8	31209	2.1	BA
Macaúbas	-13.033333	-42.7	14598	1.96	BA
Maraú	-14.1	-39	2956	1.06	BA
Ubaíra	-13.266667	-39.65	8069	1.12	BA
Araci	-11.333333	-38.95	15089	1.61	BA
Itagibá	-14.283333	-39.85	9843	1.3	BA
São Gonçalo dos Campos	-12.416667	-38.966667	14822	1.08	BA
Valença	-13.366667	-39.083333	63233	2.05	BA
Itagi	-14.166667	-40.016667	10534	1.25	BA
Encruzilhada	-15.516667	-40.9	4711	1.44	BA
Ibirataia	-14.066667	-39.633333	19943	1.26	BA
Nova Soure	-11.233333	-38.483333	11340	1.33	BA
Sento Sé	-9.666667	-41.3	19596	1.63	BA
Santa Inês	-13.283333	-39.8	10521	1.5	BA
Seabra	-12.416667	-41.766667	16765	2	BA
Queimadas	-10.966667	-39.633333	10439	1.76	BA
Itiúba	-10.716667	-39.85	9410	1.52	BA
Barreiras	-12.133333	-45	158296	3.18	BA
Santo Antônio de Jesus	-12.966667	-39.266667	73959	2.31	BA
Serrinha	-11.65	-39	49079	2.13	BA
Nazaré	-13.033333	-39	25604	1.65	BA
Entre Rios	-11.933333	-38.083333	27406	1.82	BA
Belmonte	-15.85	-38.9	9806	1.33	BA
Riachão do Jacuípe	-11.8	-39.35	16911	1.55	BA
Cícero Dantas	-10.6	-38.383333	18317	1.59	BA
Uauá	-9.833333	-39.466667	11425	1.95	BA
Euclides da Cunha	-10.516667	-39.016667	29739	1.94	BA
Ibicaraí	-14.85	-39.6	19575	1.52	BA
Maragogipe	-12.766667	-38.916667	20921	1.5	BA
Ubaitaba	-14.3	-39.333333	28376	1.82	BA
Buerarema	-14.95	-39.316667	16002	1.32	BA
Iaçu	-12.75	-40.216667	22665	1.56	BA
Itororó	-15.116667	-40.1	17325	1.44	BA
São Desidério	-12.366667	-44.966667	7295	1.33	BA
São Felipe	-14.816667	-41.383333	9574	1.73	BA
Itamaraju	-17.066667	-39.533333	47630	2.23	BA
Xique-Xique	-10.833333	-42.733333	35435	2.27	BA
Feira de Santana	-12.25	-38.95	481926	2.77	BA
Catu	-12.35	-38.383333	39933	1.64	BA
Rio Real	-11.466667	-37.933333	24006	1.67	BA
Jaguaquara	-13.533333	-39.966667	41499	1.84	BA
Cafarnaum	-11.7	-41.466667	12940	1.45	BA
Irará	-12.033333	-38.766667	9099	1.45	BA
Itanhém	-17.15	-40.333333	13517	1.41	BA
Jequié	-13.85	-40.083333	127479	2.65	BA
Itapicuru	-11.316667	-38.25	4994	0.95	BA
Madre de Deus	-12.733333	-38.616667	14887	1.1	BA
Laje	-10.183333	-40.966667	4708	1.64	BA
Uruçuca	-14.583333	-39.266667	24414	1.54	BA
Irecê	-11.3	-41.866667	63628	2.76	BA
Paramirim	-13.433333	-42.25	7421	1.62	BA
Conde	-11.816667	-37.616667	15565	1.63	BA
Coaraci	-14.633333	-39.533333	32345	1.76	BA
Ubatã	-14.2	-39.516667	15605	1.37	BA
Paratinga	-12.7	-43.166667	10262	1.73	BA
América Dourada	-11.466667	-41.433333	14018	1.75	BA
Riachão das Neves	-11.766667	-44.933333	11236	1.61	BA
Valente	-11.566667	-39.45	12591	1.34	BA
Iguaí	-14.75	-40.066667	14218	1.65	BA
Mundo Novo	-11.866667	-40.466667	11912	1.29	BA
Cruz das Almas	-12.666667	-39.1	47846	1.88	BA
Guaratinga	-16.566667	-39.566667	9519	1.7	BA
Camaçari	-12.483333	-38.216667	188763	2.41	BA
Santo Estêvão	-12.433333	-39.216667	27280	1.65	BA
Juàzeiro	-9.5	-40.5	137807	1.59	BA
Olindina	-11.366667	-38.35	12317	1.64	BA
Itiruçu	-13.516667	-40.15	11499	1.32	BA
Saubara	-12.75	-38.75	15669	1.21	BA
Vera Cruz	-12.633333	-41.033333	30557	2.12	BA
São Francisco do Conde	-12.65	-38.683333	24615	1.3	BA
Maracás	-13.433333	-40.45	22050	1.87	BA
Pojuca	-12.35	-38.333333	25102	0.96	BA
Itaberaba	-12.533333	-40.3	47303	2.39	BA
Iraquara	-12.25	-41.6	5131	1.25	BA
Caetité	-14.066667	-42.483333	27188	1.75	BA
Oliveira dos Brejinhos	-12.316667	-42.9	5596	1.43	BA
Tremedal	-14.966667	-41.4	3252	0.99	BA
Ruy Barbosa	-12.3	-40.45	21093	1.62	BA
Santa Maria da Vitória	-13.4	-44.2	23489	2.09	BA
Brumado	-14.216667	-41.666667	41990	2.33	BA
Ibiapina	-3.916667	-40.9	9205	0.92	CE
Santa Quitéria	-4.333333	-40.166667	24391	1.93	CE
Independência	-5.383333	-40.316667	11113	0.95	CE
Ipueiras	-7.033333	-40.45	17111	1.04	CE
Quixeré	-5.083333	-37.983333	11258	1.11	CE
Tauá	-5.966667	-40.3	29189	2.18	CE
Hidrolândia	-4.416667	-40.416667	10299	1.45	CE
Massapê	-3.516667	-40.316667	22193	1.46	CE
Araripe	-7.2	-40.133333	11860	1.5	CE
Baturité	-4.333333	-38.883333	22417	1.82	CE
Campos Sales	-7.066667	-40.383333	17648	1.84	CE
Uruburetama	-3.633333	-39.5	12076	1.01	CE
Milagres	-7.283333	-38.95	12588	1.34	CE
Orós	-6.25	-38.916667	16329	1.34	CE
Bela Cruz	-3.05	-40.183333	12715	1.05	CE
Aquiraz	-3.9	-38.366667	65117	1.84	CE
Trairi	-3.283333	-39.25	23135	1.79	CE
Redenção	-4.216667	-38.716667	14174	1.4	CE
Guaiuba	-4.033333	-38.633333	21822	1.05	CE
Pacajus	-4.166667	-38.466667	41558	1.27	CE
Cruz	-2.95	-40.183333	8723	0.99	CE
Paracuru	-3.4	-39.066667	21197	1.52	CE
Brejo Santo	-7.483333	-39	27384	1.75	CE
Barro	-6.716667	-38.866667	11519	1.03	CE
Boa Viagem	-5.116667	-39.733333	24671	1.86	CE
Quixeramobim	-5.2	-39.283333	34322	1.82	CE
Tianguá	-3.733333	-40.983333	45697	2.11	CE
Tamboril	-4.833333	-40.333333	14292	1.52	CE
Itarema	-2.9	-39.966667	10330	1.22	CE
Itapipoca	-3.5	-39.583333	55785	2.27	CE
Senador Pompeu	-5.583333	-39.366667	16516	1.62	CE
Marco	-3.133333	-40.15	14502	1.5	CE
Acopiara	-6.1	-39.45	24562	1.69	CE
Jaguaribe	-5.883333	-38.616667	23066	1.89	CE
Pacatuba	-3.966667	-38.616667	55292	1.4	CE
Cedro	-6.6	-39.05	14644	1.36	CE
Beberibe	-4.183333	-38.133333	37028	1.39	CE
Viçosa do Ceará	-3.566667	-41.083333	16637	1.42	CE
Jardim	-3.433333	-39.016667	7189	0.79	CE
Barbalha	-7.316667	-39.283333	33944	1.39	CE
Paraipaba	-3.433333	-39.116667	18424	0.97	CE
Tabuleiro do Norte	-5.25	-38.116667	16633	1.22	CE
Ubajara	-3.85	-40.933333	13802	1.21	CE
Jaguaruana	-4.833333	-37.783333	21791	1.51	CE
Acaraú	-2.883333	-40.116667	28389	2.09	CE
Farias Brito	-6.916667	-39.566667	11288	1.52	CE
Fortaleza	-3.316667	-41.416667	2416920	4.2	CE
Caririaçu	-7.033333	-39.283333	12971	1.32	CE
Aurora	-6.95	-38.966667	10757	1.34	CE
Nova Russas	-4.7	-40.566667	21986	1.77	CE
Pedra Branca	-5.45	-39.716667	20072	1.69	CE
Canindé	-4.366667	-39.316667	42721	2.15	CE
Mauriti	-7.383333	-38.766667	20064	1.57	CE
Eusébio	-3.9	-38.45	37290	1.24	CE
Icó	-6.4	-38.85	28323	1.89	CE
Itaitinga	-3.966667	-38.516667	30939	1.25	CE
Varjota	-4.133333	-40.5	16462	1.55	CE
Irauçuba	-3.75	-39.783333	13282	1.44	CE
Várzea Alegre	-5.35	-40.383333	21842	1.71	CE
Itapagé	-3.683333	-39.566667	32043	1.53	CE
Parambu	-6.216667	-40.716667	14656	1.78	CE
Guaraciaba do Norte	-4.166667	-40.766667	18186	1.4	CE
Ipu	-4.333333	-40.7	26679	2.04	CE
Coreaú	-3.55	-40.65	12383	1.58	CE
Ocara	-4.483333	-38.616667	6793	1.29	CE
Sobral	-3.7	-40.35	157998	2.65	CE
Caucaia	-3.7	-38.65	275023	3.17	CE
Crato	-7.233333	-39.383333	88788	1.28	CE
Assaré	-6.866667	-39.866667	11369	1.67	CE
Maracanaú	-3.866667	-38.633333	193532	1.87	CE
Morada Nova	-5.116667	-38.383333	37390	1.95	CE
Russas	-4.933333	-37.966667	39465	1.93	CE
Granja	-3.1	-40.833333	25880	1.54	CE
São Gonçalo do Amarante	-3.6	-38.966667	23583	1.72	CE
Amontada	-3.383333	-39.833333	13520	1.52	CE
Aracati	-4.566667	-37.766667	44294	2.14	CE
Limoeiro do Norte	-5.133333	-38.083333	29450	1.61	CE
Quixadá	-4.966667	-39.016667	49328	2.36	CE
Cascavel	-4.116667	-38.233333	52357	1.77	CE
Missão Velha	-7.25	-39.133333	13106	1.3	CE
Crateús	-5.166667	-40.666667	52934	2.54	CE
Pentecoste	-3.8	-39.283333	19681	1.64	CE
Reriutaba	-4.166667	-40.583333	12076	1.04	CE
Camocim	-2.89	-40.846111	44482	2.18	CE
Juazeiro do Norte	-7.2	-39.333333	225234	3.21	CE
Barroquinha	-2.983333	-41.083333	12410	1.47	CE
Iguatu	-6.366667	-39.3	70381	2.35	CE
Lavras da Mangabeira	-6.75	-38.95	17221	1.69	CE
Nôvo Oriente	-5.533333	-40.766667	14529	1.67	CE
Horizonte	-4.083333	-38.483333	51181	1.62	CE
Aracoiaba	-4.383333	-38.816667	13425	1.03	CE
Jucás	-6.533333	-39.533333	14822	1.56	CE
Umirim	-3.683333	-39.333333	12220	1.18	CE
Santana do Acaraú	-3.45	-40.2	14707	1.24	CE
Choròzinho	-4.3	-38.483333	9755	1.16	CE
Planaltina	-15.616667	-47.666667	88855	1.96	DF
Brasília	-15.783333	-47.916667	2207812	3.93	DF
Cachoeiro de Itapemirim	-20.85	-41.1	187023	2.59	ES
Guarapari	-20.666667	-40.5	100927	2.09	ES
Rio Novo do Sul	-20.866667	-40.933333	6717	1.17	ES
Aracruz	-19.816667	-40.266667	58272	1.87	ES
Viana	-20.383333	-40.5	55123	1.54	ES
Barra de São Francisco	-18.75	-40.866667	20743	1.84	ES
Santa Leopoldina	-20.1	-40.533333	2327	1.02	ES
Muniz Freire	-20.466667	-41.416667	8312	1.21	ES
Jerônimo Monteiro	-20.783333	-41.4	6902	1.09	ES
Ecoporanga	-18.383333	-40.833333	13774	1.65	ES
São José do Calçado	-21.033333	-41.666667	7442	0.99	ES
Colatina	-19.533333	-40.616667	101193	2.26	ES
São Mateus	-18.733333	-39.85	77119	2.3	ES
Itapemirim	-21.016667	-40.833333	17536	0.53	ES
Castelo	-20.6	-41.2	20198	1.6	ES
Alegre	-20.766667	-41.533333	19758	1.35	ES
Marataízes	-21.033333	-40.833333	25397	1.72	ES
Baixo Guandu	-19.516667	-41.016667	19292	1.75	ES
Marechal Floriano	-20.416667	-40.666667	5869	0.69	ES
Boa Esperança	-18.55	-40.283333	9254	1.31	ES
Rio Bananal	-19.266667	-40.333333	4814	1.35	ES
Muqui	-20.95	-41.3	8614	1.13	ES
Marilândia	-19.416667	-40.516667	3900	1.03	ES
Cariacica	-20.266667	-40.416667	330681	1.94	ES
Alfredo Chaves	-20.633333	-40.75	6422	1.24	ES
Guaçuí	-20.766667	-41.683333	19787	1.7	ES
Vitória	-20.316667	-40.35	312662	1.6	ES
Nova Venécia	-18.716667	-40.4	28363	1.97	ES
Conceição do Castelo	-20.366667	-41.25	4538	1.15	ES
Itarana	-19.85	-40.866667	4060	0.65	ES
Ibiraçu	-19.833333	-40.366667	8921	0.98	ES
Santa Teresa	-19.916667	-40.6	9160	1.31	ES
Vila Velha	-20.333333	-40.283333	394937	3.33	ES
João Neiva	-19.75	-40.4	10383	1.21	ES
Vargem Alta	-20.666667	-41	4672	1.19	ES
Montanha	-18.133333	-40.35	11934	1.53	ES
Pancas	-19.233333	-40.85	8184	1.49	ES
Iúna	-20.35	-41.533333	14290	1.71	ES
Itaguaçu	-19.8	-40.85	8202	1.42	ES
Serra	-20.116667	-40.3	394160	2.14	ES
Conceição da Barra	-18.583333	-39.75	19310	1.42	ES
Mimoso do Sul	-21.066667	-41.366667	14045	1.6	ES
Fundão	-19.916667	-40.4	12715	1.3	ES
Irupi	-20.35	-41.633333	3505	0.84	ES
Iconha	-20.8	-40.8	5051	0.87	ES
Mucurici	-18.1	-40.516667	9524	1.25	ES
Laranja da Terra	-19.9	-41.066667	3016	1.07	ES
Ibatiba	-20.233333	-41.516667	12265	1.15	ES
Piúma	-20.833333	-40.716667	17634	1.5	ES
Afonso Cláudio	-20.083333	-41.133333	13543	1.76	ES
Domingos Martins	-20.366667	-40.666667	6061	1.15	ES
Linhares	-19.416667	-40.066667	105084	2.38	ES
Mantenópolis	-18.883333	-41.1	8547	1.19	ES
Águia Branca	-18.983333	-40.733333	2554	1.17	ES
Rio Brilhante	-21.8	-54.55	18837	1.83	MS
Campo Verde	-20.416667	-54.066667	22842	1.93	MS
Maracaju	-21.633333	-55.15	22690	2.02	MS
Miranda	-20.233333	-56.366667	13189	1.85	MS
Amambaí	-23.083333	-55.216667	20261	2.03	MS
Paranaíba	-19.666667	-51.183333	32218	2.2	MS
Três Lagoas	-20.8	-51.716667	78714	2.58	MS
Ponta Porã	-22.533333	-55.716667	55765	2.36	MS
Caarapó	-22.633333	-54.8	13863	1.7	MS
Bonito	-21.133333	-56.466667	14504	1.75	MS
Aquidauana	-20.466667	-55.8	35304	2.35	MS
Rio Verde de Mato Grosso	-18.933333	-54.866667	16613	1.77	MS
Ladário	-19.016667	-57.583333	15790	0.98	MS
Guia Lopes da Laguna	-21.433333	-56.116667	9681	0.76	MS
Jardim	-21.466667	-56.15	23781	2.22	MS
Ribas do Rio Pardo	-20.45	-53.766667	11935	1.53	MS
Iguatemi	-23.666667	-54.566667	9619	1.43	MS
Cassilândia	-19.15	-51.75	18498	2.02	MS
Camapuã	-19.5	-54.083333	11119	1.99	MS
Naviraí	-23.133333	-54.216667	36453	2.32	MS
Aparecida do Taboado	-20.083333	-51.083333	17332	1.44	MS
Terenos	-20.433333	-54.833333	6086	1.26	MS
Nioaque	-21.133333	-55.8	6899	1.57	MS
Campo Grande	-20.45	-54.616667	729164	3.75	MS
Dourados	-22.216667	-54.8	162206	2.86	MS
Bataiporã	-22.333333	-53.283333	7346	1.65	MS
Pôrto Murtinho	-21.7	-57.866667	12672	2.2	MS
Bela Vista	-22.1	-56.516667	18127	2	MS
Costa Rica	-23.416667	-54.65	12931	1.78	MS
Itaporã	-22.016667	-54.9	12327	1.41	MS
Sidrolândia	-20.916667	-54.966667	16878	1.89	MS
Corumbá	-19.016667	-57.65	96523	3.02	MS
Anastácio	-20.516667	-55.8	18817	0.9	MS
Coxim	-18.5	-54.75	30216	2.53	MS
Paranhos	-23.916667	-55.416667	6516	1.85	MS
Eldorado	-23.783333	-54.316667	9075	1.44	MS
Vargem Grande	-3.55	-43.933333	21420	1.96	MA
São Benedito do Rio Prêto	-3.333333	-43.583333	12081	1.44	MA
Amarante do Maranhão	-5.6	-46.75	11510	1.85	MA
São Mateus do Maranhão	-4.033333	-44.466667	28234	1.78	MA
Turiaçu	-1.683333	-45.35	10471	1.72	MA
Esperantinópolis	-4.883333	-44.883333	13167	1.66	MA
Araioses	-2.89	-41.903611	8667	1.12	MA
Fortuna	-5.683333	-44.066667	9755	1.45	MA
Chapadinha	-3.733333	-43.35	40805	2.27	MA
Barra do Corda	-5.5	-45.25	48902	2.48	MA
Anajatuba	-3.266667	-44.616667	5627	1.31	MA
Timbiras	-4.25	-43.95	17875	1.48	MA
Penalva	-3.3	-45.166667	17186	1.41	MA
Matinha	-3.1	-45.033333	6851	1.05	MA
Codó	-4.483333	-43.883333	83289	2.27	MA
Humberto de Campos	-2.616667	-43.45	5208	1.64	MA
Coelho Neto	-4.25	-43	36185	2.08	MA
Pinheiro	-2.516667	-45.083333	38894	2.21	MA
Santa Helena	-2.233333	-45.3	16045	1.67	MA
Carutapera	-1.216667	-46.016667	12819	1.1	MA
São Raimundo das Mangabeiras	-7.016667	-45.483333	10216	1.88	MA
Pastos Bons	-6.6	-44.083333	10469	1.13	MA
São João dos Patos	-6.5	-43.7	19539	2	MA
São Bento	-2.7	-44.833333	17245	1.62	MA
Poção de Pedras	-4.75	-44.933333	12337	1.23	MA
Urbano Santos	-3.2	-43.383333	12268	1.78	MA
Santa Rita	-3.833333	-43.883333	13226	1.53	MA
Paulo Ramos	-4.216667	-45.183333	8888	1.09	MA
Vitória do Mearim	-3.466667	-44.883333	15775	1.14	MA
Cândido Mendes	-1.45	-45.716667	8613	1.56	MA
Maracaçumé	-2.05	-45.933333	14164	1.9	MA
Paraibano	-6.5	-44.016667	12364	1.56	MA
Estreito	-5.783333	-43.25	17647	1.9	MA
Barreirinhas	-2.75	-42.833333	17437	2.15	MA
Rosário	-2.95	-44.233333	23271	1.83	MA
Vitorino Freire	-4.066667	-45.166667	13267	1.42	MA
Cantanhede	-3.65	-44.4	8344	1.56	MA
Caxias	-4.833333	-43.35	117393	2.31	MA
Santa Inês	-3.65	-45.366667	67426	2.33	MA
Icatu	-2.766667	-44.066667	3648	1.15	MA
Brejo	-3.683333	-42.783333	11636	1.52	MA
Viana	-3.216667	-45	26690	1.97	MA
Pio XII	-3.883333	-45.283333	14773	1.5	MA
Riachão	-7.366667	-46.616667	12428	1.83	MA
Passagem Franca	-6.166667	-43.783333	7376	1.48	MA
Carolina	-7.333333	-47.466667	16229	1.72	MA
Coroatá	-4.133333	-44.133333	34130	1.91	MA
Buriti	-3.916667	-42.95	7025	1.35	MA
Alcântara	-2.4	-44.4	5655	1.16	MA
Cururupu	-1.833333	-44.866667	22007	2.03	MA
Raposa	-6.516667	-44.183333	11883	1.29	MA
Lago da Pedra	-4.333333	-45.166667	25996	1.81	MA
São Domingos do Maranhão	-5.7	-44.366667	18275	1.7	MA
Colinas	-6.033333	-44.233333	25159	2.12	MA
Tuntum	-5.233333	-44.65	16402	1.31	MA
São José de Ribamar	-2.55	-44.05	27777	1.58	MA
Monção	-3.5	-45.25	11051	1.32	MA
Santa Quitéria do Maranhão	-3.516667	-42.533333	17180	1.81	MA
Pirapemas	-3.716667	-44.233333	6441	1.19	MA
Pôrto Franco	-6.333333	-47.4	14874	1.21	MA
Dom Pedro	-4.483333	-44.45	15570	1.45	MA
Morros	-9.446667	-46.300278	4829	1.86	MA
Tutóia	-2.75	-42.266667	12212	1.77	MA
Timon	-5.1	-42.816667	124429	0.87	MA
Bequimão	-2.433333	-44.783333	5695	1.33	MA
Arari	-3.466667	-44.783333	16777	1.64	MA
Imperatriz	-5.533333	-47.483333	218110	3.29	MA
Mirador	-6.366667	-44.366667	6955	1.32	MA
Grajaú	-5.816667	-46.133333	30218	2.22	MA
Montes Altos	-5.833333	-47.066667	3518	1.39	MA
Bacabal	-4.233333	-44.783333	72374	2.4	MA
São Luís	-2.516667	-44.266667	917252	3.45	MA
Bom Jardim	-7.016667	-46.483333	12343	1.63	MA
São João Batista	-2.966667	-44.85	3634	1.17	MA
Buriti Bravo	-5.833333	-43.833333	17693	1.78	MA
São Bernardo	-3.366667	-42.4	11171	1.09	MA
Parnarama	-5.683333	-43.1	12202	1.32	MA
Balsas	-7.516667	-46.033333	68058	2.73	MA
Santa Luzia	-7.633333	-47.2	22910	2.17	MA
Nortelândia	-14.416667	-56.8	9636	1.55	MT
Diamantino	-14.416667	-56.45	15700	2.09	MT
Pontes e Lacerda	-15.2	-59.366667	29383	2.51	MT
Arenápolis	-14.433333	-56.816667	9060	0.53	MT
Alta Floresta	-9.9	-55.9	40468	3.01	MT
Poconé	-16.259722	-56.626944	21485	2.06	MT
Barra do Garças	-15.883333	-52.25	52402	2.68	MT
Alto Paraguai	-14.5	-56.516667	6149	0.98	MT
Cuiabá	-15.583333	-56.083333	521961	3.57	MT
Aripuanã	-9.166667	-60.633333	27043	2.55	MT
Guiratinga	-16.35	-53.75	10938	1.97	MT
Chapada dos Guimarães	-15.433333	-55.75	13657	1.64	MT
Nova Olímpia	-14.816667	-57.333333	19283	1.64	MT
Santo Antônio do Leverger	-15.866667	-56.083333	6387	1.27	MT
Barra do Bugres	-15.083333	-57.183333	31313	2.29	MT
Rosário Oeste	-14.833333	-56.416667	10469	1.16	MT
Nobres	-14.733333	-56.333333	12010	1.58	MT
Várzea Grande	-15.65	-56.133333	249766	1.63	MT
Cáceres	-16.066667	-57.683333	73431	2.64	MT
Alto Araguaia	-17.316667	-53.2	8780	1.81	MT
Jaciara	-15.983333	-54.95	22739	1.95	MT
Rondonópolis	-16.466667	-54.633333	152921	2.82	MT
Barão de Melgaço	-16.216667	-55.966667	4353	1.41	MT
Nova Era	-19.75	-43.05	15595	1.2	MG
Mateus Leme	-19.983333	-44.416667	24890	1.45	MG
Conselheiro Pena	-19.166667	-41.5	12735	1.54	MG
Alvinópolis	-20.1	-43.05	12068	1.5	MG
Alpinópolis	-20.866667	-46.383333	13286	1.52	MG
Recreio	-21.533333	-42.466667	8882	1.23	MG
Além Paraíba	-21.866667	-42.683333	33907	1.8	MG
Várzea da Palma	-17.6	-44.733333	28706	1.74	MG
Taiobeiras	-15.816667	-42.233333	24351	1.75	MG
Carmo do Rio Claro	-20.966667	-46.116667	14446	1.73	MG
Carlos Chagas	-17.716667	-40.75	13206	1.67	MG
Aimorés	-19.5	-41.066667	19133	0.93	MG
Itaúna	-20.066667	-44.566667	77402	1.99	MG
Conselheiro Lafaiete	-20.666667	-43.8	111598	2.28	MG
Monte Santo de Minas	-21.2	-46.983333	16617	1.45	MG
Andrelândia	-21.733333	-44.3	10079	1.72	MG
Montes Claros	-16.716667	-43.866667	332384	3.25	MG
Itacarambi	-15.016667	-44.05	13084	1.82	MG
Presidente Olegário	-18.416667	-46.416667	13587	1.39	MG
Martinho Campos	-19.333333	-45.216667	9198	1.31	MG
Itapecerica	-20.466667	-45.116667	16684	1.6	MG
Águas Vermelhas	-15.75	-41.466667	16410	1.64	MG
Lagoa Formosa	-18.783333	-46.4	11822	1.37	MG
Capelinha	-17.7	-42.516667	20074	2.13	MG
Barão de Cocais	-19.933333	-43.466667	22387	1.5	MG
Bom Jesus do Galho	-19.833333	-42.316667	12476	1.35	MG
Andradas	-22.066667	-46.566667	26773	1.58	MG
São Joaquim de Bicas	-20.05	-44.283333	14630	0.6	MG
Raposos	-19.95	-43.8	13263	0.84	MG
Raul Soares	-20.083333	-42.366667	13210	1.64	MG
Sabinópolis	-18.666667	-43.1	9713	1.3	MG
Caraí	-17.2	-41.7	6750	1.26	MG
Tupaciguara	-18.583333	-48.7	24398	1.91	MG
Jequitinhonha	-16.433333	-41	15463	1.7	MG
Águas Formosas	-17.083333	-40.95	11512	1.8	MG
Centralina	-18.566667	-49.216667	9497	1.2	MG
Matozinhos	-19.583333	-44.116667	30844	1.2	MG
Cambuí	-22.616667	-46.066667	21247	1.8	MG
Viçosa	-20.75	-42.883333	68681	1.99	MG
Pitangui	-19.666667	-44.9	18859	1.49	MG
Nanuque	-17.833333	-40.35	37825	2.29	MG
Rio Piracicaba	-19.916667	-43.183333	10439	1.04	MG
Araguari	-18.633333	-48.183333	96567	1.98	MG
Matias Barbosa	-21.869722	-43.318611	12072	1.17	MG
Nova Lima	-19.983333	-43.85	88400	1.48	MG
Itajubá	-22.433333	-45.45	81871	2.13	MG
Machado	-21.683333	-45.933333	33003	1.67	MG
Ubá	-21.116667	-42.933333	97829	2.38	MG
Igarapé	-20.066667	-44.3	21427	1.23	MG
Alfenas	-21.433333	-45.95	71407	2.16	MG
Itambacuri	-18.016667	-41.7	14652	1.51	MG
Timóteo	-19.583333	-42.666667	91723	1.38	MG
Carmo do Cajuru	-20.183333	-44.766667	16333	1.27	MG
Itanhandu	-22.3	-44.95	11274	1.01	MG
Esmeraldas	-19.75	-44.316667	103252	1.86	MG
Campos Altos	-19.683333	-46.166667	12648	1.65	MG
Porteirinha	-15.733333	-43.033333	14144	1.55	MG
Medina	-16.25	-41.483333	14686	1.6	MG
Juiz de Fora	-21.751667	-43.352778	470201	2.84	MG
Araxá	-19.583333	-46.916667	82597	2.47	MG
Diamantina	-18.25	-43.6	37344	2.27	MG
Açucena	-19.066667	-42.533333	14506	1.36	MG
Salinas	-16.166667	-42.283333	25747	2.25	MG
Patrocínio	-18.95	-46.983333	71964	2.2	MG
Rio Casca	-20.216667	-42.65	11769	1.54	MG
Capinópolis	-18.683333	-49.583333	12486	1.55	MG
São João Nepomuceno	-21.55	-43.016667	23155	1.75	MG
Barbacena	-21.233333	-43.766667	122213	2.37	MG
Buritis	-15.616667	-46.433333	16243	2.06	MG
Arinos	-15.916667	-46.066667	10078	1.69	MG
Bocaiúva	-17.116667	-43.816667	32115	1.87	MG
Camanducaia	-22.766667	-46.15	17823	1.38	MG
Visconde do Rio Branco	-21.016667	-42.833333	29010	1.4	MG
Inhapim	-19.55	-42.116667	13594	1.45	MG
Conceição do Mato Dentro	-19.016667	-43.416667	10708	1.63	MG
Conceição do Rio Verde	-21.883333	-45.083333	12402	1.33	MG
Lagoa da Prata	-20.016667	-45.55	43119	1.98	MG
Ibirité	-20.033333	-44.066667	141376	1.67	MG
Ibiá	-19.483333	-46.533333	18428	1.74	MG
Nova Serrana	-19.866667	-44.983333	51103	1.83	MG
Prata	-19.3	-48.916667	19896	1.96	MG
Lagoa Santa	-19.633333	-43.883333	38487	1.02	MG
Congonhas	-20.5	-43.866667	48819	1.61	MG
Mantena	-18.783333	-40.983333	18715	1.25	MG
Astolfo Dutra	-21.316667	-42.866667	10999	1.35	MG
Coração de Jesus	-16.684444	-44.360278	12410	1.74	MG
Varginha	-21.55	-45.433333	116573	2.6	MG
Brasília de Minas	-16.211944	-44.430833	14730	1.8	MG
Uberaba	-19.75	-47.916667	260847	2.67	MG
Itamarandiba	-17.85	-42.85	18064	1.7	MG
Santa Luzia	-19.783333	-43.866667	243506	1.88	MG
Mato Verde	-15.383333	-42.866667	7783	1.34	MG
Corinto	-18.35	-44.45	22121	1.78	MG
Vazante	-18	-46.9	15459	1.85	MG
Perdões	-21.083333	-45.083333	17821	1.38	MG
Almenara	-16.183333	-40.7	29333	2.25	MG
Baependi	-21.95	-44.883333	12853	0.9	MG
Oliveira	-20.683333	-44.816667	34711	2.01	MG
Mirabela	-16.258056	-44.159167	8934	1.43	MG
Bueno Brandão	-22.45	-46.35	5777	1.24	MG
Arcos	-20.283333	-45.533333	33356	1.58	MG
Carangola	-20.733333	-42.033333	25322	1.89	MG
Areado	-21.35	-46.15	10689	1.37	MG
Ituiutaba	-18.966667	-49.466667	85346	2.53	MG
São João Evangelista	-18.533333	-42.75	10049	1.52	MG
Francisco Sá	-16.466667	-43.5	13997	1.73	MG
Manga	-14.766667	-43.933333	11733	1.49	MG
Joaíma	-16.65	-41.033333	9022	1.34	MG
Itabira	-19.616667	-43.216667	99498	2.27	MG
Santa Rita do Sapucaí	-22.25	-45.7	28766	1.61	MG
Santa Bárbara	-19.933333	-43.4	19991	1.03	MG
Bom Sucesso	-21.033333	-44.766667	13786	1.33	MG
Paraisópolis	-22.55	-45.783333	13563	1.51	MG
Dores do Indaiá	-19.45	-45.6	12859	1.59	MG
Ouro Branco	-20.533333	-43.7	26687	1.45	MG
Muriaé	-21.133333	-42.366667	91174	2.24	MG
Ipaba	-19.383333	-42.416667	15971	1.21	MG
Santa Vitória	-18.833333	-50.133333	11657	1.72	MG
Luz	-19.8	-45.666667	14396	1.49	MG
São Sebastião do Paraíso	-20.916667	-47	57239	2.02	MG
Governador Valadares	-18.85	-41.933333	250882	3.02	MG
Carmo do Paranaíba	-18.983333	-46.35	26537	1.86	MG
Jacutinga	-22.283333	-46.616667	18470	1.35	MG
São Francisco	-15.95	-44.866667	33033	2.1	MG
Resplendor	-19.333333	-41.25	15131	1.5	MG
Tocantins	-21.166667	-43.033333	12876	1.14	MG
Bicas	-21.716667	-43.066667	12684	1.32	MG
João Pinheiro	-17.75	-46.166667	28083	2.17	MG
Lambari	-21.966667	-45.35	14516	1.51	MG
São Gonçalo do Sapucaí	-21.9	-45.6	19487	1.72	MG
Monte Carmelo	-18.716667	-47.483333	44041	2.07	MG
Varzelândia	-15.7	-44.033333	6398	1.3	MG
Boa Esperança	-21.083333	-45.566667	33840	1.73	MG
Santana do Paraíso	-19.366667	-42.533333	25537	1.35	MG
Barroso	-21.183333	-43.966667	16975	1.45	MG
Malacacheta	-17.833333	-42.083333	8820	1.59	MG
Januária	-15.483333	-44.366667	34812	2.31	MG
Santos Dumont	-21.466667	-43.566667	41582	1.8	MG
Monte Sião	-22.433333	-46.566667	11090	1.05	MG
Sabará	-19.9	-43.8	158359	1.74	MG
Alterosa	-21.25	-46.133333	9277	1.03	MG
Bom Despacho	-19.716667	-45.25	40304	1.8	MG
Bambuí	-20.016667	-45.966667	18840	1.77	MG
Paracatu	-17.216667	-46.866667	70754	2.57	MG
Divinópolis	-20.15	-44.9	193835	2.5	MG
Pará de Minas	-19.85	-44.616667	75787	1.8	MG
Araçuaí	-16.866667	-42.066667	22005	2.04	MG
Borda da Mata	-22.266667	-46.166667	12814	1.45	MG
Paraguaçu	-21.55	-45.733333	15742	1.37	MG
Manhuaçu	-20.25	-42.033333	54608	2.05	MG
Buritizeiro	-17.35	-44.966667	25104	0.81	MG
Caxambu	-21.983333	-44.933333	22701	1.44	MG
Extrema	-22.85	-46.316667	13682	1.36	MG
Contagem	-19.916667	-44.1	627132	2.13	MG
Novo Cruzeiro	-17.483333	-41.883333	10385	1.74	MG
Peçanha	-18.55	-42.566667	6903	1.21	MG
Guaranésia	-21.3	-46.8	17437	1.16	MG
Belo Oriente	-19.233333	-42.466667	18471	1.33	MG
Pedra Azul	-16.016667	-41.266667	20899	1.94	MG
São Lourenço	-22.116667	-45.05	41144	1.97	MG
Cláudio	-20.433333	-44.766667	21825	1.59	MG
Paraopeba	-19.3	-44.416667	19151	1.53	MG
Rio Pardo de Minas	-15.616667	-42.55	9540	1.58	MG
Cruzília	-21.833333	-44.8	12816	1.24	MG
Campestre	-21.716667	-46.25	11802	1.55	MG
Betim	-19.966667	-44.216667	384038	1.9	MG
Vespasiano	-19.666667	-43.916667	94750	1.61	MG
Espinosa	-14.933333	-42.833333	17549	1.98	MG
Campina Verde	-19.516667	-49.466667	13137	1.81	MG
Santo Antônio do Amparo	-20.95	-44.916667	16730	1.46	MG
Mar de Espanha	-21.865833	-43.009722	9678	1.23	MG
Uberlândia	-18.916667	-48.3	563545	3.26	MG
Caratinga	-19.783333	-42.133333	60067	2.08	MG
Pouso Alegre	-22.216667	-45.933333	115203	2.41	MG
Formiga	-20.45	-45.416667	56405	2.16	MG
Abaeté	-19.15	-45.45	20371	1.71	MG
Espera Feliz	-20.65	-41.916667	13031	1.24	MG
Itaobim	-16.566667	-41.833333	15938	1.69	MG
Lavras	-21.233333	-45	81474	2.19	MG
Conceição das Alagoas	-19.916667	-48.383333	16152	1.73	MG
Pompeu	-19.166667	-45.1	25278	1.96	MG
Campos Gerais	-21.233333	-45.766667	22260	1.58	MG
Carandaí	-20.933333	-43.916667	16657	1.53	MG
Patos de Minas	-18.583333	-46.533333	126236	2.81	MG
São João do Paraíso	-15.316667	-42.016667	8859	1.72	MG
Poços de Caldas	-21.8	-46.566667	146590	2.64	MG
Santo Antônio do Monte	-20.083333	-45.283333	22592	1.63	MG
Ipanema	-19.783333	-41.733333	11705	1.53	MG
Botelhos	-21.65	-46.4	11073	1.26	MG
Manhumirim	-20.366667	-41.95	15544	1.28	MG
Guanhães	-18.783333	-42.95	23728	2.05	MG
Iturama	-19.733333	-50.183333	29805	1.97	MG
Rio Pomba	-21.283333	-43.183333	13707	1.56	MG
Três Corações	-21.7	-45.266667	63458	1.76	MG
Elói Mendes	-21.616667	-45.566667	19413	1.34	MG
João Monlevade	-19.833333	-43.133333	72763	1.81	MG
Sêrro	-18.616667	-43.383333	12616	1.69	MG
Matipó	-20.283333	-42.35	12997	1.38	MG
Miraí	-21.2	-42.616667	8500	1.31	MG
Três Pontas	-21.366667	-45.516667	43750	1.64	MG
Nepomuceno	-21.233333	-45.25	18911	1.55	MG
Juatuba	-19.95	-44.333333	24551	1.18	MG
Ipatinga	-19.5	-42.533333	228750	2.63	MG
Turmalina	-17.283333	-42.75	8798	1.66	MG
Monte Alegre de Minas	-18.866667	-48.866667	12451	1.58	MG
Itinga	-16.6	-41.783333	4917	0.72	MG
Itabirito	-20.2484	-43.8063	39453	1.72	MG
São João da Ponte	-15.933333	-44.016667	8373	1.53	MG
Leopoldina	-21.533333	-42.633333	46743	1.5	MG
Sacramento	-19.883333	-47.45	16983	1.7	MG
Monte Azul	-15.15	-42.883333	11222	1.39	MG
Ouro Prêto	-20.383333	-43.5	63679	2.02	MG
Cataguases	-21.4	-42.683333	62619	1.98	MG
Ponte Nova	-20.4	-42.9	48188	1.89	MG
Cambuquira	-21.85	-45.3	10116	1.05	MG
Caeté	-19.9	-43.666667	33232	1.41	MG
Coromandel	-18.466667	-47.216667	22648	1.75	MG
Minas Novas	-17.25	-42.6	7365	1.16	MG
Campanha	-21.833333	-45.4	12507	1.23	MG
Padre Paraíso	-17.1	-41.516667	10608	1.77	MG
Coronel Fabriciano	-19.516667	-42.633333	100918	1.52	MG
Pedro Leopoldo	-19.633333	-44.05	49262	1.5	MG
Passos	-20.716667	-46.616667	98753	2.41	MG
Teófilo Otoni	-17.85	-41.5	101172	2.54	MG
Guaxupé	-21.3	-46.7	47890	1.9	MG
Belo Horizonte	-19.916667	-43.933333	2373255	3.67	MG
Lima Duarte	-21.85	-43.8	13480	1.68	MG
Grão Mogol	-16.566667	-42.9	3278	1.55	MG
Mutum	-19.816667	-41.433333	12582	1.66	MG
Muzambinho	-21.366667	-46.533333	16254	1.38	MG
Rio Novo	-21.483333	-43.133333	6258	1.07	MG
Sarzedo	-20.033333	-44.15	20800	1.12	MG
Ribeirão das Neves	-19.783333	-44.1	406840	1.94	MG
Frutal	-20.033333	-48.916667	40931	2.11	MG
Santa Maria do Suaçuí	-18.2	-42.416667	9936	1.68	MG
São Domingos do Prata	-19.866667	-42.966667	9466	1.18	MG
Unaí	-16.383333	-46.883333	60203	2.31	MG
Papagaios	-19.533333	-44.75	11850	1.36	MG
São João del Rei	-21.15	-44.266667	78593	2.16	MG
Cássia	-20.6	-46.933333	14391	1.43	MG
Janaúba	-15.8	-43.316667	56573	2.41	MG
Tiradentes	-21.116667	-44.183333	4439	0.85	MG
Itaú de Minas	-20.716667	-46.75	14888	1.24	MG
Brumadinho	-20.133333	-44.216667	27564	1.46	MG
Sete Lagoas	-19.45	-44.233333	201337	2.21	MG
São Gotardo	-19.316667	-46.05	34145	2.2	MG
Mariana	-20.383333	-43.416667	45237	1.28	MG
Curvelo	-18.75	-44.416667	63955	2.27	MG
Pirapora	-17.35	-44.933333	51657	2.45	MG
Passa Quatro	-22.383333	-44.966667	12765	1.34	MG
Gurupá	-1.416667	-51.65	6461	1.74	PA
Salinópolis	-0.616667	-47.333333	40999	2.09	PA
Oeiras do Pará	-1.966667	-49.85	10163	1.67	PA
Alenquer	-1.933333	-54.766667	26291	1.92	PA
Afuá	-0.166667	-50.383333	7031	1.46	PA
Limoeiro do Ajuru	-1.916667	-49.383333	4109	1.37	PA
Óbidos	-1.908333	-55.518889	24971	1.78	PA
Curuçá	-0.716667	-47.833333	10843	1.52	PA
Igarapé-Miri	-1.983333	-48.966667	26838	1.69	PA
Vigia	-0.8	-48.133333	29229	1.91	PA
Paragominas	-2.966667	-47.483333	69616	2.66	PA
Barcarena	-1.5	-48.666667	29872	1.53	PA
Marapanim	-0.7	-47.7	10236	1.17	PA
Augusto Correa	-1.033333	-46.666667	16280	1.15	PA
Santarém	-2.433333	-54.7	189053	3.28	PA
Capanema	-1.2	-47.183333	47768	1.99	PA
São Miguel do Guamá	-1.616667	-47.45	28266	1.82	PA
São João de Pirabas	-0.766667	-47.166667	10065	1.37	PA
Maracanã	-0.766667	-47.45	12683	1.35	PA
Itupiranga	-5.15	-49.333333	21301	1.65	PA
Conceição do Araguaia	-8.241111	-49.296111	27116	2.43	PA
Marabá	-5.35	-49.116667	145865	2.8	PA
Belém	-1.45	-48.483333	1407737	3.94	PA
Viseu	-1.2	-46.116667	18958	1.97	PA
Itaituba	-4.216667	-56.016667	64758	2.75	PA
Irituia	-1.766667	-47.433333	5602	1.09	PA
Santa Isabel do Pará	-1.266667	-48.183333	39284	1.4	PA
São Félix do Xingu	-6.633333	-51.983333	16478	2.59	PA
Jacareacanga	-6.266667	-57.65	1402	2	PA
Senador José Porfírio	-2.583333	-51.916667	5708	1.72	PA
Tucumã	-0.183333	-50.05	15031	2.1	PA
Ananindeua	-1.366667	-48.383333	433956	1.94	PA
Ourém	-1.55	-47.1	8145	1.28	PA
Juruti	-2.166667	-56.066667	13333	1.7	PA
Baião	-2.683333	-49.683333	12316	1.39	PA
Tomé-Açu	-2.416667	-48.15	34054	2.21	PA
Tucuruí	-3.7	-49.7	76339	2.69	PA
Oriximiná	-1.765278	-55.863889	35582	2.36	PA
Bragança	-1.05	-46.766667	57164	2.45	PA
Pôrto de Moz	-1.75	-52.233333	9912	1.61	PA
Igarapé-Açu	-1.116667	-47.616667	24136	1.75	PA
Bujaru	-1.516667	-48.016667	6189	1.3	PA
Acará	-1.95	-48.183333	12803	1.73	PA
Terra Santa	-2.1	-56.483333	13512	1.82	PA
Monte Alegre	-2.016667	-54.066667	22841	2.03	PA
São Caetano de Odivelas	-0.75	-48.033333	8862	1.07	PA
Moju	-1.883333	-48.766667	21511	1.53	PA
Portel	-1.95	-50.816667	21315	1.81	PA
Soure	-0.733333	-48.516667	18212	1.73	PA
São Geraldo do Araguaia	-6.4	-48.533333	12925	2.01	PA
Santa Maria do Pará	-1.35	-47.566667	12915	1.45	PA
Prainha	-1.8	-53.483333	6481	1.71	PA
Muaná	-1.533333	-49.216667	7464	1.51	PA
Mocajuba	-2.583333	-49.5	16567	1.64	PA
Altamira	-3.2	-52.2	70890	2.83	PA
Capitão Poço	-1.75	-47.083333	32704	2.01	PA
Castanhal	-1.3	-47.916667	137410	2.25	PA
Santo Antônio do Tauá	-1.183333	-48.133333	8921	1.01	PA
Benevides	-1.366667	-48.25	49813	1.49	PA
Breves	-1.666667	-50.483333	46474	2.53	PA
Almeirim	-1.533333	-52.566667	20464	2.36	PA
Cametá	-2.25	-49.5	45202	2.24	PA
Abaetetuba	-1.7	-48.9	78052	2.14	PA
Gurinhém	-7.133333	-35.45	5618	1.03	PB
Manaíra	-7.7	-38.166667	4913	1.11	PB
Cacimba de Dentro	-6.65	-35.783333	7447	1.08	PB
Sapé	-7.1	-35.216667	36149	1.69	PB
Destêrro	-7.283333	-37.1	5374	1.12	PB
Juru	-7.533333	-37.816667	3796	0.96	PB
Bayeux	-7.133333	-34.933333	91058	1.05	PB
Itabaiana	-7.333333	-35.333333	19101	1.42	PB
São Bento	-6.283333	-37.75	24749	1.86	PB
Teixeira	-7.216667	-37.25	9954	1.33	PB
João Pessoa	-7.116667	-34.866667	650896	2.88	PB
Cabedelo	-6.966667	-34.833333	54841	1.57	PB
Santa Rita	-7.133333	-34.966667	119895	1.56	PB
Rio Tinto	-6.8	-35.083333	11804	0.79	PB
São José de Piranhas	-7.116667	-38.5	7628	1.32	PB
Queimadas	-7.35	-35.916667	20446	1.32	PB
Alagoa Nova	-7.066667	-35.766667	9182	1.02	PB
Remígio	-6.933333	-35.783333	9659	1	PB
Soledade	-7.05	-36.35	8090	1.64	PB
Aroeiras	-7.516667	-35.683333	7019	1.32	PB
Solânea	-6.75	-35.65	17031	1.42	PB
Cajàzeiras	-6.9	-38.566667	43914	1.89	PB
Fagundes	-7.35	-35.8	5137	0.98	PB
Mogeiro	-7.3	-35.466667	4767	1.01	PB
Campina Grande	-7.216667	-35.883333	348943	2.78	PB
Mamanguape	-6.833333	-35.116667	27607	1.69	PB
Tavares	-7.633333	-37.9	4939	1.04	PB
Pocinhos	-7.066667	-36.05	7803	1.29	PB
Pirpirituba	-6.766667	-35.5	8355	0.75	PB
Arara	-6.833333	-35.75	7641	1.01	PB
Cruz do Espírito Santo	-7.133333	-35.1	5812	1.01	PB
Imaculada	-7.366667	-37.5	4014	1.18	PB
Catolé do Rocha	-6.35	-37.75	19812	1.02	PB
Belém	-6.716667	-35.5	15550	1.25	PB
Guarabira	-6.85	-35.483333	43750	2.06	PB
Caaporã	-7.516667	-34.9	13770	1.07	PB
Natuba	-7.633333	-35.566667	3333	0.85	PB
Sousa	-6.75	-38.233333	47927	2.34	PB
Taperoá	-7.2	-36.816667	8879	1.52	PB
Esperança	-7.016667	-35.85	18817	1.46	PB
Itaporanga	-7.3	-38.166667	15890	1.85	PB
Dona Inês	-6.616667	-35.633333	3709	0.95	PB
Patos	-7.016667	-37.266667	92577	2.63	PB
Salgado de São Félix	-7.35	-35.433333	4266	0.7	PB
Mulungu	-7.033333	-35.466667	4181	0.88	PB
Juàzeirinho	-6.816667	-38.05	8846	1.29	PB
Monteiro	-7.883333	-37.116667	17727	1.54	PB
Nova Floresta	-6.45	-36.2	8623	0.82	PB
Pedras de Fogo	-7.383333	-35.116667	13894	1.39	PB
Paulista	-6.583333	-37.616667	3677	1.21	PB
Pilar	-7.25	-35.266667	7588	1.02	PB
Mari	-7.083333	-35.333333	17535	1.22	PB
Sumé	-7.65	-36.916667	10441	1.51	PB
Pombal	-6.766667	-37.783333	21751	1.83	PB
Umbuzeiro	-7.683333	-35.666667	4588	0.83	PB
Jacaraú	-6.666667	-35.3	7035	1.22	PB
Juripiranga	-7.366667	-35.233333	8320	1.03	PB
Boqueirão	-7.483333	-36.116667	11566	1.43	PB
Araruna	-6.533333	-35.733333	7667	1.33	PB
Bananeiras	-6.75	-35.616667	7371	0.59	PB
Cuité	-6.483333	-36.15	11392	1.52	PB
Princesa Isabel	-7.733333	-38	12616	1.61	PB
Serra Branca	-6.533333	-38.266667	8765	1.33	PB
Lagoa Sêca	-7.15	-35.85	8103	0.89	PB
Itatuba	-7.383333	-35.65	4951	0.95	PB
Picuí	-6.516667	-36.35	10779	1.35	PB
Areia	-6.966667	-35.7	13825	1.14	PB
Triunfo	-6.566667	-38.6	3871	1.11	PB
Ingá	-7.283333	-35.6	8751	1.36	PB
Alhandra	-7.433333	-34.9	10788	0.99	PB
Uiraúna	-6.516667	-38.416667	7823	1.16	PB
Puxinanã	-7.15	-35.966667	3210	0.85	PB
Alagoa Grande	-7.05	-35.633333	16406	1.47	PB
Massaranduba	-7.183333	-35.766667	3153	0.79	PB
Santa Luzia	-6.883333	-36.933333	13243	1.61	PB
Coremas	-7.016667	-37.966667	11897	1.54	PB
Pitimbu	-7.466667	-34.8	7862	1.02	PB
Alagoinha	-6.933333	-35.55	7474	1.01	PB
Piancó	-7.2	-37.95	10482	1.3	PB
Pitanga	-24.766667	-51.733333	18652	1.86	PR
Cianorte	-23.616667	-52.616667	55995	2.13	PR
Moreira Sales	-24.016667	-53.05	8699	1.39	PR
Tibagi	-24.5	-50.4	12644	1.49	PR
Antonina	-25.4314	-48.7184	16152	1.49	PR
Mandaguaçu	-23.333333	-52.083333	14866	1.22	PR
Peabiru	-23.9	-52.333333	12345	1.23	PR
Castro	-24.783333	-50	42092	1.84	PR
União da Victoria	-26.216667	-51.083333	48741	2.11	PR
Rio Branco do Sul	-25.166667	-49.3	26441	1.13	PR
Centenário do Sul	-22.8	-51.616667	8358	1.34	PR
Marechal Cândido Rondon	-24.566667	-54.066667	43028	1.88	PR
Jaguariaíva	-24.25	-49.7	30627	1.84	PR
Mandaguari	-23.533333	-51.7	38239	1.59	PR
Nova Londrina	-22.75	-53	11042	1.39	PR
Barbosa Ferraz	-24.066667	-52.05	9048	1.51	PR
Florestópolis	-22.866667	-51.4	13250	1.46	PR
Chopinzinho	-25.85	-52.5	14142	1.23	PR
Pato Branco	-26.216667	-52.666667	65754	2.38	PR
Palmas	-26.5	-52	39150	2.16	PR
Loanda	-22.9	-53.166667	18233	1.99	PR
Terra Boa	-23.75	-52.45	12958	1.26	PR
Foz do Iguaçu	-25.55	-54.583333	293526	3.27	PR
Sengés	-24.1	-49.483333	14868	1.29	PR
São Mateus do Sul	-25.866667	-50.383333	24904	1.69	PR
Carambeí	-24.933333	-50.083333	13466	1.3	PR
Altônia	-23.933333	-53.9	11242	1.59	PR
Londrina	-23.3	-51.15	471836	3.29	PR
Umuarama	-23.75	-53.333333	89688	2.51	PR
Ibaiti	-23.8469	-50.1886	25797	1.96	PR
Santo Antônio da Platina	-23.2942	-50.075	35260	1.85	PR
Ibiporã	-23.283333	-51.05	44791	1.35	PR
Telêmaco Borba	-24.35	-50.616667	58880	2.33	PR
Campina Grande do Sul	-25.3	-49.083333	31112	1.39	PR
Paranaguá	-25.516667	-48.5	141014	2.43	PR
Matinhos	-25.816667	-48.533333	32008	1.74	PR
Paranavaí	-23.066667	-52.466667	72849	2.25	PR
Sertanópolis	-23.066667	-51.033333	13904	1.35	PR
Matelândia	-25.2413	-53.983	10816	1.09	PR
Alto Paraná	-23.083333	-52.366667	10888	1.07	PR
Nova Esperança	-23.182485	-52.203005	24833	1.67	PR
Jussara	-23.6	-52.466667	16374	1.31	PR
Jataìzinho	-23.216667	-50.966667	10014	1.07	PR
Almirante Tamandaré	-25.3	-49.316667	89500	1.43	PR
Medianeira	-25.283333	-54.083333	34069	2.02	PR
Arapongas	-23.383333	-51.45	97513	1.74	PR
Engenheiro Beltrão	-23.783333	-52.25	14955	1.55	PR
Rolândia	-23.3	-51.366667	51005	1.45	PR
Iporã	-23.983333	-53.616667	10353	1.48	PR
Lapa	-25.765833	-49.717778	25621	1.76	PR
Bela Vista do Paraíso	-23	-51.2	14332	1.47	PR
Dois Vizinhos	-25.783333	-53.083333	22766	1.67	PR
Campo Largo	-25.433333	-49.533333	94669	1.78	PR
Paiçandu	-23.45	-52.033333	34365	1.37	PR
Guaratuba	-25.8804	-48.571	18906	1.05	PR
Ribeirão do Pinhal	-23.4	-50.3	11275	1.44	PR
Cândido de Abreu	-24.583333	-51.333333	5102	1.51	PR
Guaíra	-24.066667	-54.25	27611	1.95	PR
Irati	-25.4735	-50.6524	45831	2.14	PR
Araucária	-25.583333	-49.416667	111303	1.86	PR
Coronel Vivida	-25.966667	-52.566667	15841	1.54	PR
Maringá	-23.416667	-51.916667	311727	2.64	PR
Cambará	-23.0411	-50.0741	21380	1.37	PR
Nova Aurora	-22.866667	-52.566667	9013	1.22	PR
Marialva	-23.466667	-51.7	26001	1.08	PR
Colombo	-25.283333	-49.233333	217002	1.81	PR
Apucarana	-23.55	-51.483333	107086	2.14	PR
Colorado	-22.816667	-51.95	20449	1.81	PR
Alto Piquiri	-24.016667	-53.466667	10039	1.22	PR
Ampère	-25.916667	-53.466667	14275	1.7	PR
Assaí	-23.366667	-50.816667	12545	1.46	PR
Realeza	-25.783333	-53.516667	10389	1.19	PR
Ivaiporã	-24.25	-51.75	23316	2.04	PR
Guaraniaçu	-25.1	-52.866667	7781	1.68	PR
Cambé	-23.233333	-51.25	91081	1.57	PR
Astorga	-23.216667	-51.666667	20129	1.57	PR
Pinhão	-25.716667	-51.633333	15141	1.68	PR
Imbituva	-25.2	-50.583333	19671	1.61	PR
Guarapuava	-25.383333	-51.45	150851	2.72	PR
Jacarezinho	-23.171382	-49.991453	35090	1.46	PR
Tapejara	-23.683333	-52.883333	10726	1.34	PR
Reserva	-24.633333	-50.866667	11097	1.61	PR
Porecatu	-22.716667	-51.4	11390	1.23	PR
Palotina	-24.283333	-53.833333	23059	1.75	PR
Laranjeiras do Sul	-25.416667	-52.416667	18425	2.02	PR
Toledo	-24.733333	-53.75	97846	2.05	PR
Piraí do Sul	-24.516667	-49.933333	16409	1.56	PR
Curitiba	-25.416667	-49.25	1718433	3.63	PR
Cascavel	-24.95	-53.466667	257174	2.81	PR
Clevelândia	-26.4	-52.35	14701	1.66	PR
Prudentópolis	-25.2	-50.95	19611	1.72	PR
Palmeira	-25.426111	-50.003333	18630	1.72	PR
Terra Rica	-22.716667	-52.633333	10346	1.59	PR
Sarandi	-23.433333	-51.866667	84698	1.22	PR
Piraquara	-25.433333	-49.066667	41162	1.56	PR
Itaperuçu	-25.2	-49.366667	26552	1.29	PR
Ponta Grossa	-25.083333	-50.15	292179	2.72	PR
Bandeirantes	-23.1	-50.35	29495	1.72	PR
Quatro Barras	-25.366667	-49.083333	17526	1	PR
Pontal do Paraná	-25.58	-48.354167	14969	1.31	PR
Rio Negro	-26.0934	-49.7895	23007	0.73	PR
Wenceslau Braz	-23.85	-49.8	15726	1.7	PR
Ortigueira	-24.2	-50.916667	11541	1.57	PR
São Miguel do Iguaçu	-25.35	-54.166667	15434	1.16	PR
Cornélio Procópio	-23.133333	-50.65	45031	2.05	PR
São José dos Pinhais	-25.516667	-49.216667	229988	1.71	PR
Cruzeiro do Oeste	-23.766667	-53.066667	15058	1.53	PR
Santo Antônio do Sudoeste	-26.068889	-53.725278	11723	1.53	PR
Corbélia	-24.8	-53.3	12725	1.42	PR
Jandaia do Sul	-23.6	-51.65	17507	1.08	PR
Terra Roxa	-23.855708	-50.031397	10911	1.24	PR
Francisco Beltrão	-26.083333	-53.066667	57618	2.01	PR
Faxinal	-23.983333	-51.366667	13464	1.73	PR
Andirá	-23.0488	-50.2276	20758	1.31	PR
São Raimundo Nonato	-9.016667	-42.7	19569	2.11	PI
Castelo do Piauí	-5.333333	-41.55	8589	1.88	PI
Parnaíba	-2.909167	-41.774722	138011	2.31	PI
Piracuruca	-3.933333	-41.7	18852	1.68	PI
Simplício Mendes	-7.85	-41.9	7076	1.72	PI
Pio IX	-6.833333	-40.616667	4973	1.29	PI
Batalha	-4.016667	-42.083333	8744	1.28	PI
União	-4.583333	-42.866667	15678	1.63	PI
Gilbués	-9.838889	-45.353889	4920	1.66	PI
Água Branca	-5.883333	-42.633333	13912	1.79	PI
Piripiri	-4.266667	-41.783333	44866	2.31	PI
São João do Piauí	-8.35	-42.25	12689	1.96	PI
Luís Correia	-2.883611	-41.666111	11480	1.12	PI
Inhuma	-6.666667	-41.7	7056	1.38	PI
Cariré	-3.95	-40.45	5488	1.18	PI
Uruçuí	-7.233333	-44.55	12243	2.01	PI
Valença do Piauí	-6.4	-41.75	15881	1.97	PI
José de Freitas	-4.75	-42.583333	21433	1.68	PI
Palmeirais	-5.966667	-43.066667	4262	1.25	PI
Pedro II	-4.416667	-41.466667	22039	1.73	PI
Demerval Lobão	-5.366667	-42.683333	15285	1.58	PI
São Pedro do Piauí	-5.933333	-42.716667	7408	0.97	PI
Matias Olímpio	-3.716667	-42.55	4012	1.14	PI
Canto do Buriti	-8.116667	-42.966667	11715	1.92	PI
Oeiras	-7.016667	-42.133333	21071	1.99	PI
Pedreiras	-4.566667	-44.65	33909	1.83	PI
Simões	-7.6	-40.816667	4332	1.25	PI
Monsenhor Gil	-5.583333	-42.616667	4751	1.22	PI
Luzilândia	-3.466667	-42.366667	12999	1.32	PI
Beneditinos	-5.45	-42.366667	5005	1.38	PI
Alto Longá	-5.25	-42.2	4435	1.26	PI
Esperantina	-3.9	-42.233333	21044	1.72	PI
Altos	-5.05	-42.466667	28769	1.78	PI
Pôrto	-3.9	-42.7	6535	1.3	PI
Pimenteiras	-6.233333	-41.416667	3819	1.38	PI
Regeneração	-6.25	-42.683333	13608	1.65	PI
Cocal	-3.466667	-41.566667	12097	1.39	PI
Mombaça	-5.75	-39.633333	17065	1.62	PI
Picos	-7.083333	-41.466667	57496	2.7	PI
Barras	-4.25	-42.3	21597	1.89	PI
Floriano	-6.783333	-43.016667	48588	2.54	PI
Miguel Alves	-4.166667	-42.9	10439	1.16	PI
Buriti dos Lopes	-3.166667	-41.866667	9475	1.44	PI
Amarante	-6.233333	-42.833333	8828	1.18	PI
Elesbão Veloso	-6.216667	-42.133333	10430	1.65	PI
Itainópolis	-7.4	-41.516667	2922	1.26	PI
Jaicós	-7.35	-41.133333	7107	1.57	PI
Corrente	-10.436111	-45.131111	13967	1.87	PI
Teresina	-5.083333	-42.816667	744526	3.29	PI
Campo Maior	-4.816667	-42.166667	31740	2.08	PI
Itaueira	-7.6	-43.033333	5146	1.58	PI
São Miguel do Tapuio	-5.5	-41.333333	7964	1.41	PI
Bom Jesus	-9.066667	-44.366667	12666	2.25	PI
São Gonçalo	-22.800278	-43.025556	939101	2.35	RJ
Santo Antônio de Pádua	-21.533333	-42.183333	33076	1.91	RJ
Cambuci	-21.566667	-41.916667	9395	1.29	RJ
Paracambi	-22.608611	-43.712778	36099	1.15	RJ
Miguel Pereira	-22.452778	-43.476389	23850	1.63	RJ
Magé	-22.655556	-43.015278	216342	1.84	RJ
Itatiaia	-22.5	-44.566667	12571	1.14	RJ
Nova Iguaçu	-22.759188	-43.431887	1002129	2.39	RJ
Campos	-21.75	-41.3	387422	3.04	RJ
Armação dos Búzios	-22.75	-41.883333	23463	1.48	RJ
Porto Real	-22.4172	-44.2861	12061	1.26	RJ
Queimados	-22.722897	-43.556316	135742	1.69	RJ
Cordeiro	-22.033333	-42.366667	15602	1.57	RJ
Bom Jardim	-22.15	-42.416667	11716	1.17	RJ
Piraí	-22.627778	-43.901944	19105	1.31	RJ
Quatis	-22.4099	-44.2594	10289	0.6	RJ
Angra dos Reis	-23	-44.3	153637	2.28	RJ
Miracema	-21.416667	-42.183333	26684	1.31	RJ
Araruama	-22.883333	-42.333333	109638	2.26	RJ
Belford Roxo	-22.761995	-43.404654	466101	1.3	RJ
Duque de Caxias	-22.790321	-43.325009	818339	2.01	RJ
São Pedro da Aldeia	-22.85	-42.1	55014	1.35	RJ
Três Rios	-22.111389	-43.207778	71945	2.02	RJ
Volta Redonda	-22.533333	-44.116667	249584	2.56	RJ
Paraíba do Sul	-22.1575	-43.290556	35518	1.28	RJ
Arraial do Cabo	-22.966667	-42.016667	26164	1.16	RJ
Sapucaia	-22	-42.9	12329	1.47	RJ
Rio de Janeiro	-22.9	-43.233333	6023742	3.93	RJ
Itaboraí	-22.75	-42.866667	182500	1.86	RJ
Nova Friburgo	-22.266667	-42.533333	153363	2.36	RJ
Niterói	-22.90214	-43.130301	456461	1.85	RJ
Japeri	-22.648889	-43.658611	95102	1.6	RJ
São João de Meriti	-22.798614	-43.360894	454855	1.43	RJ
Rio Bonito	-22.716667	-42.616667	35997	1.68	RJ
Mendes	-22.526111	-43.724722	17308	1.08	RJ
Pinheiral	-22.516667	-43.983333	19469	1.3	RJ
Natividade	-21.05	-41.983333	12014	1.07	RJ
Itaguaí	-22.870755	-43.773821	100756	1.93	RJ
Guapimirim	-22.533333	-42.983333	31202	1.31	RJ
Cachoeiras de Macacu	-22.466667	-42.65	46178	1.71	RJ
Parati	-23.216667	-44.716667	15118	1.71	RJ
Barra do Piraí	-22.466111	-43.827778	87669	1.88	RJ
Barra Mansa	-22.533333	-44.183333	164054	1.46	RJ
Silva Jardim	-22.466667	-42.3	16889	1.15	RJ
Nilópolis	-22.808487	-43.419792	147283	1.31	RJ
Itaocara	-21.683333	-42.066667	16763	1.41	RJ
Saquarema	-22.933333	-42.5	62057	1.65	RJ
Petrópolis	-22.510833	-43.184444	272694	2.22	RJ
Cabo Frio	-22.883333	-42.016667	108241	2.02	RJ
Maricá	-22.916667	-42.816667	79552	1.7	RJ
Casimiro de Abreu	-22.483333	-42.2	19087	1.56	RJ
Carmo	-21.933333	-42.616667	11555	1.05	RJ
Rio das Ostras	-22.533333	-41.95	46619	1.7	RJ
Rio Claro	-22.716667	-44.15	12620	1.34	RJ
Resende	-22.4679	-44.4575	111515	1.98	RJ
São João da Barra	-21.633333	-41.05	20606	1.61	RJ
Bom Jesus do Itabapoana	-21.133333	-41.683333	30822	1.61	RJ
Tanguá	-22.733333	-42.716667	23740	1.22	RJ
Seropédica	-22.747222	-43.716944	54846	1.45	RJ
Valença	-22.241944	-43.701389	61145	1.81	RJ
Itaperuna	-21.2	-41.9	84436	2.14	RJ
Cantagalo	-21.966667	-42.366667	14019	0.96	RJ
São Fidélis	-21.65	-41.733333	27793	1.88	RJ
Teresópolis	-22.424064	-42.968013	123980	1.92	RJ
Areal	-22.228889	-43.106944	11041	1.24	RJ
Mangaratiba	-22.9609	-44.0402	27023	1.65	RJ
Vassouras	-22.406111	-43.664167	21175	1.41	RJ
Iguaba Grande	-22.833333	-42.216667	11104	1.13	RJ
Porciúncula	-20.966667	-42.033333	12511	1.43	RJ
Macaé	-22.383333	-41.783333	143031	2.46	RJ
Poço Branco	-5.633333	-35.666667	7112	1.12	RN
Taipu	-5.616667	-35.6	4606	0.76	RN
Montanhas	-6.483333	-35.3	8442	1.13	RN
Açu	-5.577222	-36.9075	36126	2.05	RN
Jardim de Piranhas	-6.366667	-37.333333	10935	1.43	RN
Macau	-5.116667	-36.633333	18070	1.86	RN
Pendências	-5.263333	-36.723056	9363	1.25	RN
Alexandria	-6.416667	-38.016667	9769	1.45	RN
Pau dos Ferros	-6.116667	-38.166667	25051	2.01	RN
Ipanguaçu	-5.497778	-36.853333	4624	0.88	RN
Governador Dix-Sept Rosado	-5.466667	-37.516667	6626	1.28	RN
São José do Campestre	-6.3	-35.7	10254	1.42	RN
Extremóz	-5.7	-35.3	17992	1.23	RN
Arês	-6.183333	-35.15	7231	0.97	RN
Pedro Velho	-6.433333	-35.233333	6366	0.89	RN
Parelhas	-6.683333	-36.65	16377	1.77	RN
Upanema	-5.644444	-37.257778	6704	1.05	RN
Santana do Matos	-5.956111	-36.652778	8050	1.48	RN
São José de Mipibu	-6.083333	-35.25	15317	1.34	RN
Canguaretama	-6.383333	-35.133333	18873	1.64	RN
São Tomé	-5.971389	-36.073611	6137	1.3	RN
Ceará-Mirim	-5.633333	-35.433333	32668	1.43	RN
Caraúbas	-5.53	-37.303056	12462	1.59	RN
São Miguel	-5.466667	-35.366667	12838	1.33	RN
Afonso Bezerra	-5.498056	-36.509167	6947	1.23	RN
São Paulo do Potengi	-5.916667	-35.75	9334	1.45	RN
São Gonçalo do Amarante	-5.766667	-35.333333	10381	0.94	RN
Monte Alegre	-5.889722	-36.301389	6643	1.48	RN
Caicó	-6.45	-37.1	54935	2.15	RN
Natal	-5.783333	-35.216667	763057	3.3	RN
Acari	-6.516667	-36.633333	9159	1.19	RN
Goianinha	-6.266667	-35.2	13434	1.22	RN
Angicos	-5.666389	-36.600833	7729	1.43	RN
Santa Cruz	-6.216667	-36.016667	27776	1.93	RN
Parnamirim	-5.916667	-35.25	150347	1.74	RN
Macaíba	-5.716667	-35.55	40016	1.84	RN
Tangará	-6.183333	-35.816667	8067	1.2	RN
João Câmara	-5.533333	-35.8	19886	1.65	RN
Lagoa Nova	-6.1	-36.483333	5984	1.11	RN
Baraúna	-5.083333	-37.616667	14113	1.56	RN
Umarizal	-5.983333	-37.816667	8781	1.33	RN
Touros	-5.2	-35.466667	7662	1.42	RN
Jucurutu	-6.033333	-37.016667	11535	1.67	RN
Nísia Floresta	-6.066667	-35.133333	10115	1.11	RN
Mossoró	-5.191389	-37.344722	202010	2.95	RN
Brejinho	-6.183333	-35.35	7625	1.13	RN
Patu	-6.1	-37.633333	8842	1.33	RN
Areia Branca	-4.953889	-37.132222	18372	1.65	RN
Santo Antônio	-6.3	-35.45	12529	1.3	RN
Apodi	-5.65	-37.8	16757	1.89	RN
Nova Cruz	-6.466667	-35.433333	23166	1.78	RN
Severiano Melo	-5.766667	-37.95	2503	1.02	RN
Jardim do Seridó	-6.583333	-36.766667	9520	1.21	RN
Currais Novos	-6.25	-36.516667	35561	2.07	RN
Encruzilhada do Sul	-30.533333	-52.516667	17199	1.88	RS
São Pedro do Sul	-29.616667	-54.166667	12137	1.63	RS
Três de Maio	-27.783333	-54.233333	18278	1.57	RS
Marau	-28.45	-52.2	26860	1.66	RS
Passo Fundo	-28.266667	-52.4	179532	2.81	RS
Arroio do Meio	-29.4	-51.95	16331	0.9	RS
Júlio de Castilhos	-29.233333	-53.683333	16487	1.48	RS
Canela	-29.366667	-50.833333	33529	1.7	RS
Cachoeirinha	-29.95	-51.083333	121086	1.51	RS
Pelotas	-31.766667	-52.333333	320680	3.07	RS
Charqueadas	-29.966667	-51.633333	32076	1.76	RS
São Francisco de Paula	-29.45	-50.583333	13292	1.42	RS
Canguçu	-31.4	-52.683333	20134	1.86	RS
Campo Bom	-29.683333	-51.05	54762	1.25	RS
Tôrres	-29.35	-49.733333	32791	1.95	RS
Sapucaia	-29.833333	-51.15	130939	1.41	RS
Sobradinho	-29.4	-53.05	13397	1.64	RS
Guaíba	-30.111111	-51.316667	101026	1.66	RS
Santa Maria	-29.683333	-53.8	249224	3.11	RS
Encantado	-29.25	-51.883333	16637	1.43	RS
Sapiranga	-29.633333	-51	76053	1.61	RS
Ijuí	-28.383333	-53.916667	71203	2.54	RS
Viamão	-30.083333	-51.033333	285274	1.98	RS
Três Coroas	-29.533333	-50.8	21051	0.77	RS
Veranópolis	-28.95	-51.55	19862	1.51	RS
Três Passos	-27.45	-53.933333	17286	1.78	RS
Porto Alegre	-30.033333	-51.2	1372763	3.77	RS
Espumoso	-28.733333	-52.85	10340	1.43	RS
Caçapava do Sul	-30.5	-53.5	17522	1.66	RS
Ivoti	-29.6	-51.166667	18172	0.92	RS
Vacaria	-28.5	-50.933333	56766	2.23	RS
Dom Pedrito	-30.983333	-54.666667	36912	2.11	RS
Uruguaiana	-29.75	-57.083333	123482	3.06	RS
Santa Vitória do Palmar	-33.516667	-53.35	27776	2.2	RS
Ibirubá	-28.633333	-53.1	14180	1.74	RS
Tupanciretã	-29.083333	-53.85	17488	1.83	RS
Cruz Alta	-28.65	-53.6	65276	2.03	RS
Guaporé	-28.85	-51.9	20050	1.85	RS
Candelária	-29.666667	-52.8	15200	1.67	RS
Butiá	-30.116667	-51.966667	19494	1.68	RS
Flores da Cunha	-29.0287	-51.1822	20522	1.33	RS
Palmares do Sul	-30.266667	-50.516667	8393	1.49	RS
Tapes	-30.666667	-51.383333	18570	1.82	RS
Alegrete	-29.766667	-55.766667	77540	2.5	RS
São Leopoldo	-29.766667	-51.15	209233	1.61	RS
Palmeira das Missões	-27.916667	-53.283333	30954	2.04	RS
Capão da Canoa	-29.766667	-50.016667	35896	2.17	RS
Arroio Grande	-32.233333	-53.083333	16117	1.76	RS
Triunfo	-29.933333	-51.716667	14749	0.71	RS
Canoas	-29.933333	-51.183333	328297	1.77	RS
Caràzinho	-28.3	-52.8	59418	2	RS
Horizontina	-27.616667	-54.316667	14416	1.37	RS
Cachoeira do Sul	-30.033333	-52.9	74696	2.19	RS
Soledade	-28.833333	-52.5	24791	1.89	RS
Panambi	-28.3	-53.5	30408	1.81	RS
Bagé	-31.333333	-54.1	98943	2.72	RS
Itaqui	-29.133333	-56.55	34631	2.14	RS
São Gabriel	-30.333333	-54.316667	55435	2.29	RS
Farroupilha	-29.233333	-51.35	57651	1.65	RS
Caxias do Sul	-29.1689	-51.1785	381277	2.73	RS
Rolante	-29.666667	-50.566667	15594	1.45	RS
Getúlio Vargas	-27.833333	-52.266667	13695	1.39	RS
Santana do Livramento	-30.883333	-55.516667	89696	2.65	RS
Santo Ângelo	-28.3	-54.266667	64607	1.97	RS
Frederico Westphalen	-27.366667	-53.4	20896	1.87	RS
São Luiz Gonzaga	-28.4	-54.966667	31798	2.1	RS
Cêrro Largo	-28.15	-54.75	9548	1.52	RS
Sananduva	-27.95	-51.8	9601	1.38	RS
Teutônia	-29.433333	-51.8	21834	1.41	RS
Gravataí	-29.9426	-50.9933	238782	1.86	RS
Venâncio Aires	-29.6	-52.183333	40628	1.74	RS
Arroio dos Ratos	-30.083333	-51.716667	13405	1.17	RS
Novo Hamburgo	-29.683333	-51.133333	253846	2.11	RS
Santa Rosa	-27.866667	-54.483333	58958	2.07	RS
São Francisco de Assis	-29.55	-55.133333	14305	1.73	RS
Santo Augusto	-27.85	-53.783333	10305	1.65	RS
São Sebastião do Caí	-29.583333	-51.383333	19013	1.32	RS
Giruá	-28.033333	-54.35	12170	1.39	RS
Osório	-29.9	-50.266667	34628	1.46	RS
Tapejara	-28.066667	-52	14064	1.72	RS
São Sepé	-30.166667	-53.566667	19182	1.88	RS
Lajeado	-29.45	-51.966667	65408	2.14	RS
Lagoa Vermelha	-28.216667	-51.533333	24446	2.02	RS
Taquari	-29.8	-51.85	27108	1.66	RS
Parobé	-29.633333	-50.833333	48560	1.58	RS
Garibaldi	-29.25	-51.533333	30364	1.2	RS
Taquara	-29.65	-50.783333	48052	1.11	RS
Jaguarão	-32.566667	-53.383333	29613	2.36	RS
Estrêla	-28.1	-50.983333	24200	1.81	RS
Cidreira	-30.183333	-50.2	8965	1.35	RS
São Jerônimo	-29.966667	-51.716667	17057	1.08	RS
Gramado	-29.4	-50.9	26365	1.13	RS
São Borja	-28.65	-56	59614	2.45	RS
Portão	-29.7	-51.25	21051	1.12	RS
São Marcos	-28.966667	-51.066667	18591	1.28	RS
Camaquã	-30.85	-51.816667	53170	2.32	RS
Rio Grande	-32.033333	-52.083333	187842	2.2	RS
Dois Irmãos	-29.583333	-51.083333	28926	1.25	RS
Pinheiro Machado	-31.566667	-53.383333	11176	1.89	RS
Estância Velha	-29.65	-51.183333	40391	1.12	RS
Nova Prata	-28.783333	-51.6	17943	1.39	RS
Não-Me-Toque	-28.466667	-52.816667	12556	1.3	RS
Rio Pardo	-29.983333	-52.366667	26999	1.67	RS
Bento Gonçalves	-29.166667	-51.516667	90854	2.01	RS
Quaraí	-30.383333	-56.45	23229	2.14	RS
Santa Cruz do Sul	-29.716667	-52.433333	106115	2.62	RS
Ouro Fino	-28.983333	-52.816667	21076	1.72	RS
São Lourenço do Sul	-31.366667	-51.966667	25341	1.94	RS
Esteio	-29.85	-51.166667	84903	0.92	RS
Montenegro	-29.7	-51.466667	54058	1.88	RS
Rosário do Sul	-30.25	-54.916667	36722	2.07	RS
Igrejinha	-29.566667	-50.8	28680	1.14	RS
Nova Petrópolis	-29.366667	-51.133333	16050	1.43	RS
Sarandi	-27.933333	-52.916667	15159	1.67	RS
Tramandaí	-29.966667	-50.133333	34735	1.65	RS
Santiago	-29.183333	-54.883333	46612	2.36	RS
Erechim	-27.633333	-52.283333	96089	2.3	RS
Cacequi	-29.883333	-54.816667	12868	1.65	RS
Carlos Barbosa	-29.3	-51.5	19106	0.97	RS
Pimenta Bueno	-11.65	-61.2	25785	1.64	RO
Ariquemes	-9.933333	-63.066667	58102	2.54	RO
Ouro Prêto do Oeste	-10.666667	-62.3	26686	1.67	RO
Pôrto Velho	-8.766667	-63.9	306206	3.58	RO
Rodrigues Alves	-11.9	-65	3827	1.86	RO
Rolim de Moura	-13.083333	-62.266667	37953	2.55	RO
Presidente Médici	-11.283333	-61.916667	11923	1.7	RO
Guajará-Mirim	-10.8	-65.366667	34123	2.66	RO
Ji-Paraná	-10.833333	-61.966667	100128	2.95	RO
Cacoal	-11.5	-61.416667	55566	2.31	RO
Jaru	-10.433333	-62.45	28018	2.03	RO
Vilhena	-12.716667	-60.116667	63237	2.82	RO
Bonfim	3.083333	-59.95	5769	1.77	RR
Boa Vista	2.816667	-60.666667	235159	3.46	RR
São Miguel do Oeste	-26.75	-53.566667	27360	2.05	SC
Ibirama	-27.0546	-49.516	18360	1.47	SC
Morro da Fumaça	-28.666667	-49.2	13952	1.13	SC
Joinville	-26.3	-48.833333	461312	2.82	SC
Maravilha	-26.783333	-53.15	13865	1.62	SC
Três Barras	-26.1	-50.316667	14855	1.15	SC
Rio Negrinho	-26.239449	-49.499857	41915	1.4	SC
Jaraguá do Sul	-26.483333	-49.066667	130132	2.04	SC
Barra Velha	-26.6406	-48.6851	17665	1.27	SC
Curitibanos	-27.3	-50.6	32142	2.02	SC
Otacílio Costa	-27.566667	-50.116667	14557	1.58	SC
Gaspar	-26.933333	-48.966667	33659	1.27	SC
São Bento do Sul	-26.249722	-49.3825	77598	2.04	SC
Braço do Norte	-28.283333	-49.183333	22375	1.62	SC
Navegantes	-26.9	-48.65	47782	0.69	SC
Pôrto União	-26.25	-51.083333	28907	0.83	SC
Rio do Sul	-27.2181	-49.6436	51945	2.18	SC
Lages	-27.8	-50.316667	164679	2.79	SC
Florianópolis	-27.583333	-48.566667	412731	2.93	SC
Jaguaruna	-28.6	-49.033333	11650	1.08	SC
Araranguá	-28.933333	-49.483333	43445	1.78	SC
Itapema	-27.099167	-48.615	36766	1.37	SC
Lauro Müller	-28.4	-49.383333	10036	1.03	SC
Schroeder	-26.433333	-49.066667	15515	0.87	SC
Itajaí	-26.883333	-48.65	155719	2.22	SC
Videira	-27	-51.133333	42441	1.73	SC
Biguaçu	-27.5	-48.666667	51993	1.49	SC
Porto Belo	-27.1575	-48.539722	14722	1.1	SC
Blumenau	-26.9222	-49.0615	293955	2.56	SC
Laguna	-28.483333	-48.783333	39712	1.68	SC
São Lourenço do Oeste	-26.4	-52.766667	14872	1.43	SC
Orleans	-28.35	-49.3	16422	1.26	SC
Joaçaba	-27.166667	-51.5	23516	1.49	SC
Campos Novos	-27.4	-51.2	22563	1.77	SC
São Francisco do Sul	-26.233333	-48.65	36225	1.58	SC
Pomerode	-26.75	-49.183333	21898	1.35	SC
Ituporanga	-27.416667	-49.6	13038	1.39	SC
Sombrio	-29.116667	-49.666667	14864	1.49	SC
São Joaquim	-28.3	-49.933333	16250	1.91	SC
Criciúma	-28.666667	-49.383333	161957	2.71	SC
Santa Cecília	-26.933333	-50.45	15092	1.7	SC
Urussanga	-28.516667	-49.316667	10670	1.26	SC
Guaramirim	-26.45	-49	21422	1.08	SC
Camboriú	-26.983333	-48.633333	49101	1.37	SC
Tijucas	-27.241111	-48.631389	22482	1.35	SC
Imbituba	-28.233333	-48.666667	43450	1.97	SC
Timbó	-26.833333	-49.3	33766	1.27	SC
Tubarão	-28.5	-49.016667	67246	2.02	SC
São João Batista	-27.266667	-48.833333	14539	1.39	SC
Siderópolis	-28.583333	-49.433333	8536	1	SC
Capinzal	-27.333333	-51.6	23799	1.83	SC
São José	-27.633333	-48.65	203142	1.65	SC
Palhoça	-27.633333	-48.666667	122425	0.86	SC
Xanxerê	-26.883333	-52.383333	32958	1.97	SC
Correia Pinto	-27.583333	-50.4	13752	1.45	SC
Xaxim	-26.933333	-52.516667	21376	1.34	SC
Mafra	-26.1181	-49.8023	40081	1.82	SC
Araquari	-26.3692	-48.7221	35691	1.41	SC
Canoinhas	-26.166667	-50.4	38863	2.08	SC
Penha	-26.766667	-48.65	20097	1.25	SC
Concórdia	-27.233333	-52.016667	55368	2.06	SC
Indaial	-26.8922	-49.2239	44360	1.56	SC
Seara	-27.116667	-52.283333	10976	1.44	SC
Brusque	-27.1	-48.933333	88286	1.82	SC
Forquilhinha	-28.75	-49.466667	23021	1.28	SC
Santo Amaro da Imperatriz	-27.683333	-48.766667	18420	1.21	SC
Caçador	-26.783333	-51	63727	2.49	SC
Içara	-28.7	-49.3	51455	1.34	SC
Chapecó	-27.083333	-52.983333	160160	2.72	SC
Cândido Mota	-22.716667	-50.383333	28145	1.05	SP
Carapicuíba	-23.516667	-46.833333	361120	1.65	SP
Cerqueira César	-23.05	-49.166667	14261	1.49	SP
Morro Agudo	-20.733333	-48.066667	25266	1.48	SP
Adamantina	-21.683333	-51.066667	31079	1.9	SP
Louveira	-23.066667	-46.966667	31098	1.02	SP
Pitangueiras	-21.033333	-48.216667	28541	1.38	SP
Garça	-22.233333	-49.616667	41303	1.82	SP
Porto Feliz	-23.213333	-47.523056	41016	1.56	SP
Cananéia	-25.016667	-47.95	13786	1.6	SP
Serra Negra	-22.6	-46.7	22632	1.32	SP
Catanduva	-21.133333	-48.966667	109615	2.25	SP
Cardoso	-20.066667	-49.9	10556	1.61	SP
Cajamar	-23.35	-46.883333	56684	1.42	SP
Cabreúva	-23.3	-47.133333	38743	1.56	SP
Santa Branca	-23.4	-45.883333	8661	1.08	SP
Bauru	-22.316667	-49.066667	335031	2.94	SP
Ourinhos	-22.983333	-49.866667	97801	2.38	SP
Conchal	-22.333333	-47.166667	21351	1.52	SP
Registro	-24.5	-47.833333	45698	2.26	SP
Cajati	-24.728502	-48.110541	27566	1.78	SP
Jacareí	-23.316667	-45.966667	213114	1.87	SP
Brotas	-22.283333	-48.116667	18690	1.54	SP
São José do Rio Prêto	-20.8	-49.383333	374706	3	SP
Mococa	-21.466667	-47.016667	59656	2.13	SP
Paraguaçu Paulista	-22.416667	-50.566667	39120	1.77	SP
São Carlos	-22.016667	-47.9	205039	2.53	SP
Tambaú	-21.7	-47.266667	19957	1.25	SP
Campinas	-22.9	-47.083333	1031573	2.86	SP
Santa Rosa de Viterbo	-21.466667	-47.35	21473	1.6	SP
Espirito Santo do Pinhal	-22.2	-46.75	37449	1.67	SP
Barretos	-20.55	-48.55	101222	2.36	SP
Ipuã	-20.45	-48.033333	12370	1.37	SP
Cruzeiro	-22.566667	-44.966667	72023	1.81	SP
Caçapava	-23.1	-45.716667	72341	1.7	SP
Sertãozinho	-21.133333	-47.983333	99213	1.78	SP
Ribeirão Branco	-24.216667	-48.783333	9718	1.43	SP
Presidente Bernardes	-22.05	-51.55	12954	1.08	SP
Olímpia	-20.733333	-48.9	45200	1.93	SP
Ferraz de Vasconcelos	-23.533333	-46.366667	167904	1.17	SP
Chavantes	-23.033333	-49.716667	10306	1.06	SP
Lorena	-22.733333	-45.133333	76507	1.46	SP
Igaraçu do Tietê	-22.516667	-48.566667	22758	0.92	SP
Igarapava	-20.05	-47.783333	29058	1.69	SP
Lençóis Paulista	-22.6	-48.783333	57376	1.97	SP
Sumaré	-22.8	-47.283333	227982	2.04	SP
Jundiaí	-23.183333	-46.866667	321595	2.28	SP
Junqueirópolis	-21.533333	-51.433333	13965	0.85	SP
Itanhaém	-24.183333	-46.783333	90387	2.11	SP
Indaiatuba	-23.083333	-47.233333	179914	2	SP
Tatuí	-23.346655	-47.848368	93582	2	SP
Jarinu	-23.103333	-46.728056	17905	1.31	SP
Taboão da Serra	-23.6	-46.766667	214527	1.27	SP
Ituverava	-20.333333	-47.783333	36998	1.72	SP
Bragança Paulista	-22.95	-46.566667	125099	2.13	SP
Serrana	-21.233333	-47.6	39826	1.64	SP
Caieiras	-23.36193	-46.740681	87199	1.15	SP
Moji-Mirim	-22.433333	-46.95	78245	2.09	SP
Jaboticabal	-21.266667	-48.316667	69396	1.93	SP
Santa Cruz do Rio Pardo	-22.916667	-49.616667	37336	1.71	SP
Araçoiaba da Serra	-23.5049	-47.6185	15395	1.3	SP
Paranapanema	-23.383333	-48.716667	16218	1.67	SP
Regente Feijó	-22.25	-51.333333	17219	1.28	SP
Piquete	-22.6	-45.183333	13845	1.25	SP
Votorantim	-23.541318	-47.444671	99392	1.29	SP
Itaquaquecetuba	-23.483333	-46.35	336686	2.02	SP
Itapevi	-23.55	-46.933333	201752	1.45	SP
Poá	-23.533333	-46.333333	107434	0.12	SP
São José dos Campos	-23.183333	-45.883333	613776	2.74	SP
Urupês	-21.216667	-49.283333	10745	1.41	SP
Embu-Guaçu	-23.816667	-46.8	76311	1.48	SP
Birigui	-21.3	-50.316667	102279	1.67	SP
Casa Branca	-21.766667	-47.083333	22498	1.44	SP
Santo Antônio de Posse	-22.6	-46.916667	18149	1.19	SP
Cordeirópolis	-22.483333	-47.466667	25639	1.24	SP
Capela do Alto	-23.466667	-47.75	11991	1.2	SP
Boa Esperança do Sul	-21.983333	-48.383333	10787	1.4	SP
Araras	-22.366667	-47.383333	107465	1.76	SP
Pirapora do Bom Jesus	-23.4	-47	14690	1.11	SP
Américo Brasiliense	-21.716667	-48.116667	34332	1.22	SP
Capão Bonito	-24.016667	-48.333333	37207	1.99	SP
Batatais	-20.883333	-47.616667	51977	1.89	SP
Presidente Epitácio	-21.766667	-52.1	38742	2.21	SP
Ilhabela	-23.783333	-45.35	32903	1.14	SP
Castilho	-20.866667	-51.483333	11419	1.09	SP
Teodoro Sampaio	-22.516667	-52.166667	15193	1.67	SP
Buritama	-21.05	-50.133333	12712	1.56	SP
Francisco Morato	-23.279503	-46.746403	171793	1.81	SP
Colina	-20.733333	-48.583333	15042	1.38	SP
Franco da Rocha	-23.324821	-46.718475	108860	1.27	SP
Pilar do Sul	-23.816667	-47.7	19107	1.48	SP
Itapetininga	-23.6	-48.05	126245	2.34	SP
Mirassol	-20.766667	-49.466667	51559	1.34	SP
Vinhedo	-23.016667	-46.983333	56493	1.28	SP
Bom Jesus dos Perdões	-23.133333	-46.466667	12422	1.07	SP
Santa Rita do Passa Quatro	-21.7	-47.466667	24579	1.39	SP
Álvares Machado	-22.133333	-51.5	21642	1.26	SP
Pindamonhangaba	-22.916667	-45.466667	132220	1.73	SP
Pederneiras	-22.383333	-48.766667	38020	1.64	SP
General Salgado	-20.65	-50.366667	8084	1.29	SP
Pacaembu	-21.566667	-51.283333	10101	1.22	SP
Ibitinga	-21.75	-48.816667	49075	2.02	SP
Tupã	-21.933333	-50.5	62036	2.2	SP
Itaporanga	-23.7	-49.483333	10202	1.49	SP
Mongaguá	-24.1	-46.616667	45931	1.61	SP
Fernandópolis	-20.266667	-50.233333	61932	2.38	SP
Pedreira	-22.716667	-46.916667	39199	1.44	SP
Macatuba	-22.516667	-48.683333	16180	1.2	SP
Iperó	-23.35	-47.683333	17161	1	SP
Piracicaba	-22.716667	-47.633333	342216	2.53	SP
Vargem Grande do Sul	-21.833333	-46.883333	36214	1.52	SP
Presidente Prudente	-22.116667	-51.366667	209507	2.74	SP
Pariquera-Açu	-24.716667	-47.883333	13436	1.43	SP
Piraju	-23.2	-49.383333	25271	1.77	SP
Auriflama	-20.683333	-50.566667	11971	1.67	SP
Monte Azul Paulista	-20.916667	-48.633333	18117	1.37	SP
Miguelópolis	-20.2	-48.05	18262	1.58	SP
Mairiporã	-23.322628	-46.586935	54417	1.51	SP
Tarumã	-22.75	-50.566667	10337	1.27	SP
Quatá	-22.266667	-50.7	10370	1.33	SP
Panorama	-21.35	-51.85	14227	1.7	SP
Descalvado	-21.9	-47.616667	26138	1.43	SP
Santos	-23.95	-46.333333	411411	2.33	SP
Diadema	-23.7	-46.616667	390641	1.64	SP
Sorocaba	-23.483333	-47.45	558874	2.7	SP
Itapecerica da Serra	-23.716667	-46.833333	151608	1.45	SP
Leme	-22.2	-47.4	81211	1.69	SP
Aparecida	-22.8418	-45.2287	34237	1	SP
Suzano	-23.533333	-46.333333	283319	1.47	SP
Martinópolis	-22.183333	-51.2	18488	1.41	SP
Piedade	-23.713098	-47.414578	27913	1.47	SP
Osasco	-23.566667	-46.783333	677869	2.1	SP
Itaberá	-23.85	-49.15	11098	1.52	SP
Guapiaçu	-20.833333	-49.216667	14065	1.33	SP
São Paulo	-23.473293	-46.665803	10021437	4.5	SP
Rio das Pedras	-22.833333	-47.6	23722	1.3	SP
Itapira	-22.433333	-46.833333	61608	1.48	SP
Aguaí	-22.066667	-46.966667	27503	1.55	SP
Lucélia	-21.733333	-51.016667	14807	0.99	SP
Águas de Lindóia	-22.483333	-46.65	18806	1.27	SP
Duartina	-22.4	-49.416667	11903	1.47	SP
São Roque	-23.528458	-47.135273	50541	1.67	SP
Conchas	-23.016667	-48	14301	1.32	SP
Tupi Paulista	-21.4	-51.566667	10877	1.24	SP
Borborema	-21.616667	-49.066667	11759	1.38	SP
Ibiúna	-23.654522	-47.218152	22860	1.27	SP
Americana	-22.740278	-47.334444	196026	1.56	SP
Valparaíso	-21.216667	-50.85	15939	1.46	SP
Bernardino de Campos	-23.033333	-49.483333	9342	1.15	SP
Charqueada	-22.5	-47.766667	12391	1.23	SP
Guarujá	-24	-46.266667	310430	1.68	SP
Cunha	-23.083333	-44.966667	11896	1.5	SP
Presidente Venceslau	-21.866667	-51.833333	34026	1.73	SP
Pontal	-21.05	-48.083333	32567	1.39	SP
Jaguariúna	-22.683333	-46.983333	31718	1.16	SP
Biritiba-Mirim	-23.583333	-46.033333	26459	1.44	SP
José Bonifácio	-21.05	-49.683333	27828	1.78	SP
Socorro	-22.6	-46.533333	24272	1.63	SP
Monte Mor	-22.95	-47.333333	40291	1.44	SP
Brodowski	-20.983333	-47.666667	18366	1.21	SP
Capivari	-23.000722	-47.502026	35519	1.54	SP
Bastos	-21.933333	-50.716667	17681	1.42	SP
Campos do Jordão	-22.7264	-45.5792	53320	1.72	SP
Boituva	-23.283333	-47.683333	48756	1.61	SP
Caraguatatuba	-23.616667	-45.416667	90844	2.26	SP
Miracatu	-24.283333	-47.466667	11679	1.29	SP
Bady Bassitt	-20.933333	-49.466667	14216	1.3	SP
Buri	-23.8	-48.583333	15959	1.63	SP
Itu	-23.266667	-47.316667	137589	1.88	SP
Altinópolis	-21.025278	-47.374444	14616	1.53	SP
Tabatinga	-21.716667	-48.683333	11617	1.2	SP
Juquitiba	-23.927482	-47.069543	13961	1.55	SP
São Joaquim da Barra	-20.583333	-47.883333	42720	1.46	SP
Mirante do Paranapanema	-22.283333	-51.9	9387	1.55	SP
São Caetano do Sul	-23.6	-46.566667	136456	1.51	SP
Itapeva	-23.966667	-48.866667	62958	2.35	SP
Paulínia	-22.75	-47.166667	65596	1.53	SP
Nova Granada	-20.483333	-49.316667	15716	1.62	SP
Viradouro	-20.883333	-48.3	17172	1.37	SP
Pindorama	-21.2	-48.916667	12248	1.01	SP
Itápolis	-21.583333	-48.766667	34553	1.53	SP
Maracaí	-22.6	-50.65	11960	1.36	SP
Dracena	-21.533333	-51.483333	37940	2.07	SP
Bariri	-22.066667	-48.733333	28802	1.71	SP
Praia Grande	-24	-46.4	250032	1.3	SP
Agudos	-22.466667	-49	30808	1.48	SP
Joanópolis	-22.933333	-46.283333	11772	1.04	SP
Cubatão	-23.883333	-46.416667	118412	1.51	SP
São José do Rio Pardo	-21.6	-46.9	46990	1.6	SP
Valinhos	-22.95	-47.016667	88631	1.42	SP
Assis	-22.666667	-50.416667	87473	2.28	SP
Itajobi	-21.316667	-49.066667	12231	1.34	SP
Ubatuba	-23.433333	-45.066667	79008	2.05	SP
Atibaia	-23.124167	-46.562222	110970	1.77	SP
Novo Horizonte	-21.466667	-49.216667	30159	1.87	SP
Penápolis	-21.4	-50.066667	54478	1.81	SP
Promissão	-21.533333	-49.866667	27032	1.48	SP
Taquaritinga	-21.4	-48.5	50099	1.72	SP
Araraquara	-21.783333	-48.166667	185191	2.19	SP
Ribeirão Bonito	-22.066667	-48.166667	10877	1.35	SP
Pereira Barreto	-20.633333	-51.116667	22537	1.76	SP
Peruíbe	-24.316667	-47	63032	1.81	SP
Angatuba	-23.483333	-48.416667	14476	1.59	SP
Cafelândia	-21.816667	-49.583333	13777	1.38	SP
Ribeirão Prêto	-21.166667	-47.8	551278	3.14	SP
Santana de Parnaíba	-23.45	-46.916667	98991	1.36	SP
Taubaté	-23.033333	-45.55	251647	2.27	SP
Barra Bonita	-22.483333	-48.533333	37247	1.56	SP
Guaíra	-20.316667	-48.3	34093	1.81	SP
Limeira	-22.561667	-47.402778	289671	2.18	SP
Mirandópolis	-21.15	-51.1	23379	1.77	SP
Cosmópolis	-22.633333	-47.2	47773	1.44	SP
Cotia	-23.616667	-46.933333	174832	1.47	SP
Jardinópolis	-21.033333	-47.766667	34719	1.43	SP
Lins	-21.666667	-49.75	69452	2.19	SP
Cravinhos	-21.316667	-47.75	32690	1.47	SP
Osvaldo Cruz	-21.783333	-50.833333	25747	1.62	SP
São Sebastião	-23.8	-45.416667	76369	1.71	SP
Santa Adélia	-21.266667	-48.8	12585	1.4	SP
Itararé	-24.116667	-49.333333	44810	2.02	SP
Monte Aprazível	-20.75	-49.7	16308	1.33	SP
Tanabi	-20.616667	-49.616667	18228	1.47	SP
Santa Cruz das Palmeiras	-21.816667	-47.25	25801	1.56	SP
Monte Alto	-21.283333	-48.483333	41894	1.4	SP
Iracemápolis	-22.583333	-47.533333	16796	1.22	SP
Fartura	-23.383333	-49.5	12405	1.4	SP
Botucatu	-22.866667	-48.433333	113865	2.29	SP
Arujá	-23.4	-46.333333	72078	1.38	SP
Ipaussú	-23.05	-49.616667	10833	1.17	SP
Santo André	-23.666667	-46.516667	662387	1.6	SP
Marília	-22.216667	-49.933333	212222	2.61	SP
Elias Fausto	-23.033333	-47.383333	12705	1.08	SP
Ribeirão Pires	-23.716667	-46.416667	111890	1.33	SP
São Vicente	-23.966667	-46.383333	324464	1.5	SP
Nova Odessa	-22.783333	-47.3	49433	0.82	SP
Santa Isabel	-23.3158	-46.2241	33709	1.42	SP
Tietê	-23.100174	-47.714392	32062	1.32	SP
Orlândia	-20.716667	-47.883333	44767	1.83	SP
Barrinha	-21.2	-48.15	26981	1.45	SP
Taquarituba	-23.516667	-49.25	21493	1.46	SP
Avaré	-23.083333	-48.916667	81287	2.18	SP
Andradina	-20.9	-51.383333	52407	1.91	SP
Tremembé	-22.966667	-45.55	31720	1.12	SP
Guaratinguetá	-22.815156	-45.18923	105882	1.99	SP
Hortolândia	-22.85	-47.25	203537	1.46	SP
Itirapina	-22.25	-47.816667	13229	1.47	SP
São Manuel	-22.733333	-48.566667	33588	1.55	SP
Guarulhos	-23.45068	-46.526175	1169601	2.19	SP
São Pedro	-22.55	-47.9	27068	1.72	SP
Pirajuí	-21.983333	-49.483333	17503	1.59	SP
Rio Grande da Serra	-23.8	-46.333333	38162	1.38	SP
Bebedouro	-20.933333	-48.466667	71863	2.03	SP
Cajuru	-21.283333	-47.3	19540	1.44	SP
Salto	-23.2	-47.283333	98389	1.4	SP
Rio Claro	-22.4	-47.55	180151	1.97	SP
Matão	-21.583333	-48.366667	72469	1.89	SP
São João da Boa Vista	-21.966667	-46.783333	76541	1.89	SP
Guariba	-21.35	-48.233333	30464	1.34	SP
Piracaia	-23.05	-46.35	26076	1.57	SP
Iguape	-24.716667	-47.55	23785	1.75	SP
Embu	-23.65	-46.85	221737	1.71	SP
Moji das Cruzes	-23.516667	-46.183333	325753	1.99	SP
Guará	-20.433333	-47.833333	18263	1.21	SP
Jaú	-22.3	-48.55	119209	2.25	SP
Itatiba	-23	-46.85	67935	1.67	SP
São Lourenço da Serra	-23.866667	-46.95	13331	1.22	SP
Pradópolis	-21.366667	-48.066667	13193	1.31	SP
Jacupiranga	-24.700034	-48.004445	11149	1.1	SP
Severínia	-20.833333	-48.8	13212	1.24	SP
Rancharia	-22.25	-50.916667	25531	1.8	SP
Pirassununga	-21.983333	-47.416667	60414	1.74	SP
Pirapòzinho	-22.25	-51.5	21711	1.46	SP
Santa Fé do Sul	-20.216667	-50.933333	25802	1.8	SP
Itapuí	-22.233333	-48.683333	10445	1.21	SP
Amparo	-22.7	-46.783333	41498	1.75	SP
São Simão	-21.5	-47.55	12351	1.37	SP
Itatinga	-23.116667	-48.6	15696	1.57	SP
Araçatuba	-21.2	-50.416667	170028	2.66	SP
Ibaté	-21.95	-48	29550	1.34	SP
Jales	-20.266667	-50.55	43832	1.83	SP
Santo Anastácio	-21.966667	-51.65	17233	1.46	SP
Barueri	-23.516667	-46.883333	251999	1.42	SP
Pedregulho	-20.266667	-47.483333	11216	1.49	SP
Santa Gertrudes	-22.466667	-47.516667	18490	0.92	SP
Juquiá	-24.316667	-47.633333	13497	1.51	SP
Palmital	-22.783333	-50.2	18540	1.44	SP
Apiaí	-24.511926	-48.844671	18260	1.87	SP
Pompéia	-22.133333	-50.166667	18015	1.54	SP
Jandira	-23.516667	-46.9	113607	0.85	SP
Dois Córregos	-22.366667	-48.35	20975	1.5	SP
Cerquilho	-23.201218	-47.757822	35367	1.34	SP
Laranjal Paulista	-23.048726	-47.835968	21264	1.31	SP
Guararapes	-21.25	-50.633333	27558	1.58	SP
Várzea Paulista	-23.2	-46.833333	110938	1.14	SP
Artur Nogueira	-22.583333	-47.15	40404	1.19	SP
Guararema	-23.4132	-46.0377	23572	1.29	SP
Salto de Pirapora	-23.6494	-47.5715	32228	1.49	SP
Franca	-20.533333	-47.4	305047	2.62	SP
Caconde	-21.55	-46.633333	12434	1.39	SP
São Bernardo do Campo	-23.7	-46.55	743386	2.34	SP
Mairinque	-23.544368	-47.183467	44457	1.08	SP
Itaí	-23.4	-49.1	22305	1.72	SP
Mauá	-23.666667	-46.45	386077	1.64	SP
Pôrto Ferreira	-21.85	-47.466667	49128	1.51	SP
Capela	-10.5	-37.066667	16024	1.61	SE
Maruim	-10.75	-37.083333	12153	1.07	SE
Campo do Brito	-10.75	-37.5	8011	0.98	SE
Lagarto	-10.9	-37.683333	45446	1.86	SE
Neópolis	-10.3	-36.583333	12422	0.58	SE
Moita Bonita	-10.583333	-37.366667	3602	0.78	SE
Gararu	-9.966667	-37.083333	2977	0.81	SE
Boquim	-11.15	-37.616667	14848	1.41	SE
Nossa Senhora das Dores	-10.483333	-37.216667	14550	1.29	SE
Tomar do Geru	-11.383333	-37.85	4394	0.95	SE
Simão Dias	-10.733333	-37.816667	18386	1.48	SE
Riachão do Dantas	-11.066667	-37.733333	4615	1.03	SE
Nossa Senhora do Socorro	-10.866667	-37.116667	163996	1.48	SE
Carira	-10.35	-37.7	10276	1.51	SE
Itabaiana	-10.683333	-37.433333	63889	1.97	SE
Itabaianinha	-11.266667	-37.783333	17149	1.53	SE
Monte Alegre de Sergipe	-10.033333	-37.55	6816	1.32	SE
Nossa Senhora da Glória	-10.233333	-37.416667	18613	1.8	SE
Japaratuba	-10.583333	-36.95	8092	1.14	SE
Ribeirópolis	-10.533333	-37.433333	11215	1.23	SE
Estância	-11.266667	-37.433333	55655	1.91	SE
Malhador	-10.65	-37.3	5574	0.99	SE
São Cristóvão	-11.016667	-37.2	71540	1.66	SE
Areia Branca	-10.766667	-37.316667	7414	1.13	SE
Aracaju	-10.916667	-37.066667	490184	3.11	SE
Propriá	-10.216667	-36.85	23787	1.61	SE
Pôrto da Fôlha	-9.916667	-37.283333	9420	1.36	SE
Barra dos Coqueiros	-10.9	-37.05	28590	0.72	SE
Arauá	-11.266667	-37.616667	4747	0.92	SE
Laranjeiras	-10.8	-37.166667	23251	1.14	SE
Cristinápolis	-11.483333	-37.766667	6430	1.16	SE
Canindé de São Francisco	-9.65	-37.8	11053	1.55	SE
Japoatã	-10.333333	-36.8	4207	0.97	SE
Aquidabã	-10.283333	-37.033333	10596	1.33	SE
Indiaroba	-11.533333	-37.516667	4989	1.21	SE
Umbaúba	-11.366667	-37.65	12880	1.3	SE
Santo Amaro das Brotas	-10.783333	-37.066667	9302	0.67	SE
Poço Verde	-10.7	-38.183333	12167	1.41	SE
Salgado	-11.033333	-37.466667	5457	1.18	SE
Tobias Barreto	-11.183333	-38.016667	29741	1.88	SE
Frei Paulo	-10.55	-37.533333	7047	0.98	SE
Pacatuba	-10.433333	-36.65	2616	0.94	SE
Abadiânia	-16.1	-48.8	7062	1.4	GO
Hidrolândia	-16.966667	-49.233333	7082	1.4	GO
Rubiataba	-15.133333	-49.8	16128	1.54	GO
Niquelândia	-14.45	-48.45	27544	2.08	GO
Campos Belos	-13.05	-46.883333	15583	2.16	GO
Itapaci	-14.95	-49.566667	16118	1.59	GO
Petrolina de Goiás	-16.1	-49.333333	7710	1.46	GO
Iaciara	-14.15	-46.666667	9207	1.49	GO
Orizona	-17.05	-48.3	7583	1.36	GO
Vianópolis	-16.75	-48.533333	7807	1.02	GO
Morrinhos	-17.733333	-49.116667	34144	1.96	GO
Quirinópolis	-18.533333	-50.5	32104	2.17	GO
Uruaçu	-14.5	-49.166667	30088	2.15	GO
Uruana	-15.5	-49.683333	10258	1.4	GO
Itaberaí	-16.033333	-49.8	22130	1.83	GO
Mozarlândia	-14.783333	-50.583333	11252	1.88	GO
Bela Vista de Goiás	-16.966667	-48.95	14289	1.54	GO
Cavalcante	-13.8	-47.5	3747	1.75	GO
Jataí	-17.883333	-51.716667	76548	2.84	GO
Cristalina	-16.75	-47.6	36532	2.06	GO
Goianésia	-15.3	-49.116667	47884	2.36	GO
Itapirapuã	-15.866667	-50.6	7923	1.63	GO
Posse	-14.083333	-46.366667	20003	2.39	GO
Inhumas	-16.366667	-49.5	44058	1.81	GO
Luziânia	-16.25	-47.933333	143601	2.25	GO
Ipameri	-17.716667	-48.15	18607	1.78	GO
Anápolis	-16.333333	-48.966667	319592	2.41	GO
Edéia	-17.3	-49.916667	9838	1.69	GO
Itapuranga	-15.583333	-49.983333	19709	1.84	GO
Santa Helena de Goiás	-17.716667	-50.583333	34254	2.33	GO
Formosa	-15.533333	-47.333333	81233	2	GO
Carmo do Rio Verde	-15.35	-49.7	6053	1.06	GO
Firminópolis	-16.666667	-50.316667	9084	1.14	GO
Pirenópolis	-15.85	-48.95	13615	1.68	GO
Goiânia	-16.666667	-49.266667	1171209	3.24	GO
Pontalina	-17.516667	-49.45	13640	1.68	GO
Iporá	-16.466667	-51.116667	28254	2.33	GO
Rialma	-15.3	-49.566667	9270	0.53	GO
Goiatuba	-18.016667	-49.366667	25925	1.79	GO
Itumbiara	-18.416667	-49.216667	79583	2.23	GO
São Luís de Montes Belos	-16.533333	-50.333333	23619	2.09	GO
Palmeiras de Goiás	-16.816667	-49.916667	13573	1.63	GO
Aragarças	-15.916667	-52.25	16781	0.73	GO
Caldas Novas	-17.75	-48.633333	63681	2.35	GO
Mineiros	-17.566667	-52.566667	38951	2.26	GO
Senador Canedo	-16.716667	-49.083333	61801	1.69	GO
Guapó	-16.816667	-49.533333	10075	1.22	GO
Caiapônia	-16.95	-51.816667	10947	1.95	GO
Anicuns	-16.466667	-49.966667	15685	1.68	GO
Buriti Alegre	-18.15	-49.05	9427	1.5	GO
São Miguel do Araguaia	-13.316667	-50.216667	18810	2.16	GO
Catalão	-18.166667	-47.95	63545	2.12	GO
Ceres	-15.283333	-49.583333	18760	1.81	GO
Crixás	-14.45	-49.966667	11560	1.84	GO
Caçu	-18.616667	-51.066667	10098	1.77	GO
Porangatu	-13.433333	-49.166667	32758	2.49	GO
Padre Bernardo	-15.35	-48.5	16118	1.9	GO
Goiás	-15.933333	-50.133333	19098	1.69	GO
Trindade	-16.666667	-49.5	97523	1.87	GO
Goianápolis	-16.5	-49.016667	10114	1.27	GO
Silvânia	-16.666667	-48.6	11377	1.7	GO
Piranhas	-16.516667	-51.85	9887	1.65	GO
Piracanjuba	-17.3	-49.016667	16736	1.77	GO
São Domingos	-13.4	-46.316667	4784	1.67	GO
Goianira	-16.5	-49.433333	22823	1.37	GO
Paraúna	-17.033333	-50.433333	9731	1.71	GO
Jaraguá	-15.75	-49.333333	30410	1.95	GO
Nerópolis	-16.416667	-49.233333	21870	1.52	GO
Pires do Rio	-17.3	-48.283333	24823	1.96	GO
Tabira	-7.583333	-37.55	16926	1.42	PE
Catende	-8.666667	-35.716667	23323	1.28	PE
Trindade	-7.8	-40.283333	19313	1.5	PE
Limoeiro	-7.866667	-35.45	42329	1.63	PE
São João	-8.866667	-36.366667	6926	1.05	PE
Canhotinho	-8.883333	-36.2	12074	1.37	PE
Escada	-8.366667	-35.233333	48084	1.59	PE
Agrestina	-8.45	-35.95	14453	1.33	PE
Tupanatinga	-8.75	-37.333333	5768	1.24	PE
São José do Belmonte	-7.866667	-38.766667	14211	1.68	PE
Orobó	-7.733333	-35.6	5884	0.71	PE
Bom Jardim	-7.783333	-35.583333	13523	1.29	PE
Toritama	-8.016667	-36.066667	23941	1.38	PE
Recife	-8.05	-34.9	1478118	3.87	PE
Itapissuma	-7.766667	-34.9	16674	0.99	PE
Quipapá	-8.833333	-36.033333	11533	1.28	PE
Pedra	-8.5	-36.95	11197	1.03	PE
Flores	-7.85	-37.983333	11694	1.14	PE
Amaraji	-8.4	-35.45	16660	1.27	PE
Vitória de Santo Antão	-8.116667	-35.3	107385	1.97	PE
Bonito	-8.483333	-35.733333	8867	1.14	PE
Igarassu	-7.833333	-34.9	86458	1.56	PE
Sertânia	-8.083333	-37.266667	18190	1.82	PE
Cabrobó	-8.516667	-39.316667	16096	1.81	PE
Lagoa do Itaenga	-7.916667	-35.333333	17719	1.19	PE
Exu	-7.516667	-39.716667	10875	1.55	PE
São José da Coroa Grande	-8.9	-35.15	11512	1.06	PE
Ouricuri	-7.883333	-40.083333	29318	2.01	PE
Rio Formoso	-8.666667	-35.15	15518	1.12	PE
Brejo da Madre de Deus	-8.15	-36.366667	27370	1.52	PE
Bom Conselho	-9.166667	-36.683333	27801	1.75	PE
Joaquim Nabuco	-8.616667	-35.533333	9965	0.98	PE
Taquaritinga do Norte	-7.9	-36.05	13379	1.17	PE
Vicência	-7.666667	-35.333333	10378	1.12	PE
Altinho	-8.483333	-36.066667	11913	1.16	PE
Parnamirim	-8.083333	-39.566667	7928	1.62	PE
Feira Nova	-7.933333	-35.35	12985	0.59	PE
Águas Belas	-9.116667	-37.116667	22563	1.63	PE
Cumaru	-8	-35.7	6861	0.9	PE
Goiana	-7.55	-34.983333	43981	1.8	PE
Camaragibe	-8.016667	-34.966667	148966	1.48	PE
Cupira	-8.616667	-35.95	19096	1.53	PE
Serra Talhada	-7.983333	-38.3	51204	2.47	PE
Belém de São Francisco	-8.766667	-38.966667	11124	1.67	PE
Ipojuca	-8.4	-35.066667	53365	1.83	PE
Afogados da Ingàzeira	-7.75	-37.65	25060	2.04	PE
Araçoiaba	-7.8	-35.05	13095	1.27	PE
Timbaúba	-7.516667	-35.316667	45122	1.87	PE
Arcoverde	-8.416667	-36.916667	57164	2.19	PE
São Lourenço da Mata	-8	-35.05	88417	1.42	PE
São José do Egito	-7.466667	-37.266667	18219	1.79	PE
Itaquitinga	-7.666667	-35.1	11128	0.99	PE
Água Preta	-8.7	-35.516667	16444	1.08	PE
Caruaru	-8.283333	-35.966667	235375	2.67	PE
Tamandaré	-8.75	-35.1	17954	1.24	PE
Paulista	-7.95	-34.883333	289977	1.62	PE
Carpina	-7.85	-35.25	70690	1.83	PE
Buíque	-8.616667	-37.15	20324	1.65	PE
Santa Cruz do Capibaribe	-7.95	-36.2	76451	2.06	PE
Nazaré da Mata	-7.733333	-35.233333	26485	1.31	PE
Ipubi	-7.65	-40.116667	16424	1.47	PE
Itaíba	-8.95	-37.416667	13870	1.62	PE
Ibimirim	-8.533333	-37.7	12272	1.68	PE
Palmares	-8.683333	-35.6	41680	1.99	PE
João Alfredo	-7.866667	-35.583333	11334	1	PE
Moreno	-8.116667	-35.1	45238	1.28	PE
Capoeiras	-8.75	-36.633333	4861	0.35	PE
Barreiros	-8.816667	-35.2	35565	1.91	PE
Lajedo	-8.383333	-36.55	25262	1.33	PE
Jaboatão	-8.116667	-35.016667	702632	2.06	PE
São Joaquim do Monte	-8.416667	-35.85	13520	1.12	PE
Maraial	-8.783333	-35.833333	14204	1.32	PE
Salgueiro	-8.066667	-39.1	42153	2.22	PE
Condado	-7.583333	-35.1	19585	1.26	PE
Bezerros	-8.233333	-35.75	51437	1.64	PE
Petrolândia	-9.083333	-38.3	20575	1.61	PE
Panelas	-8.666667	-36.016667	12625	1.02	PE
Garanhuns	-8.9	-36.483333	110087	2.43	PE
Floresta	-8.6	-38.566667	18100	1.88	PE
Pombos	-8.15	-35.4	15895	1.13	PE
Cachoeirinha	-8.483333	-36.233333	12905	1.24	PE
Belo Jardim	-8.333333	-36.433333	49923	2.01	PE
Aliança	-7.583333	-35.216667	17329	1.22	PE
Petrolina	-9.4	-40.5	194653	3.04	PE
Gameleira	-8.583333	-35.4	19424	1.03	PE
Macaparana	-7.566667	-35.45	14363	1.26	PE
Carnaíba	-8.7	-37.666667	6019	1.15	PE
São Bento do Una	-8.533333	-36.366667	24506	1.53	PE
Caetés	-8.766667	-36.633333	5386	1.2	PE
Olinda	-8.016667	-34.85	366761	1.58	PE
Itamaracá	-7.75	-34.833333	14969	0.98	PE
Abreu e Lima	-7.9	-34.883333	81960	1.19	PE
Santa Maria da Boa Vista	-8.816667	-39.816667	14695	1.86	PE
Glória do Goitá	-8.016667	-35.283333	17374	1.16	PE
Camocim de São Félix	-8.35	-35.766667	10270	1.08	PE
Surubim	-7.833333	-35.75	34581	1.76	PE
Pesqueira	-8.366667	-36.7	41896	1.67	PE
Umbuzeiro	-7.7	-35.666667	4588	0.79	PE
Custódia	-8.116667	-37.65	18107	1.7	PE
Passira	-7.95	-35.633333	12664	1.29	PE
Bodocó	-7.783333	-39.916667	11329	1.34	PE
Gravatá	-8.2	-35.566667	61250	1.85	PE
São Caitano	-8.35	-36.1	25259	1.4	PE
Araripina	-7.55	-40.566667	38570	2.3	PE
Chã Grande	-8.233333	-35.45	17117	1.23	PE
Ribeirão	-8.516667	-35.383333	29819	1.58	PE
Paranã	-12.640556	-47.7925	2751	1.71	TO
Dianópolis	-11.700556	-46.743056	12896	2.19	TO
Taguatinga	-12.465556	-46.366944	9330	1.88	TO
Alvorada	-12.47	-49.082222	10232	1.89	TO
Palmas	-10.222778	-48.277778	196332	3.32	TO
Sítio Novo do Tocantins	-5.518333	-47.461111	5787	0.5	TO
Ananás	-6.360278	-47.91	8874	1.66	TO
Gurupi	-11.7225	-49.012222	64790	2.63	TO
Miracema do Tocantins	-9.529167	-48.319722	29181	2.08	TO
Araguaína	-7.16	-48.0575	114959	2.77	TO
Porto Nacional	-10.708056	-48.308333	40862	2	TO
Xambioá	-6.4325	-48.381944	9281	1.2	TO
Formoso do Araguaia	-11.796667	-49.466944	14963	1.76	TO
Arraias	-12.977222	-46.891667	6881	0.85	TO
Tocantinópolis	-6.324444	-47.277778	23383	2.1	TO
Araguaçu	-12.894167	-49.773056	7603	1.74	TO
Wanderlândia	-6.835833	-47.799167	6545	1.54	TO
Axixá do Tocantins	-5.551111	-47.595556	9007	1.08	TO
Miranorte	-9.476667	-48.480278	12446	1.3	TO
Araguatins	-5.600278	-47.933056	17106	1.78	TO
